display_name,version,kind,code_count,trigger_count,codes_sha256
Acanthamoeba Reporting Specification Grouper,20241008,rsg,912,53,30fe9f100a31ffc1
Acanthamoeba Reporting Specification Grouper,20250328,rsg,931,53,af089e7561951812
Acanthamoeba Reporting Specification Grouper,20250829,rsg,932,53,ae9b12a3695cec39
Acanthamoeba Reporting Specification Grouper,20250829,rsg,932,53,ae9b12a3695cec39
Acanthamoeba Reporting Specification Grouper,20250829,rsg,932,53,ae9b12a3695cec39
Acanthamoeba Reporting Specification Grouper,20260327,rsg,938,53,e0b1107944e3a718
Acanthamoeba Reporting Specification Grouper,20260731,rsg,965,53,190c0642df528d31
Acute Flaccid Myelitis (AFM) Reporting Specification Grouper,20241008,rsg,73,2,a22258301d3a8937
Acute Flaccid Myelitis (AFM) Reporting Specification Grouper,20250328,rsg,46,0,aef82f3006d0d967
Acute Flaccid Myelitis (AFM) Reporting Specification Grouper,20250328,rsg,73,2,a22258301d3a8937
Acute Flaccid Myelitis (AFM) Reporting Specification Grouper,20250829,rsg,74,2,493e04b5c013618c
Acute Flaccid Myelitis (AFM) Reporting Specification Grouper,20250829,rsg,74,2,493e04b5c013618c
Acute Flaccid Myelitis (AFM) Reporting Specification Grouper,20250829,rsg,74,2,493e04b5c013618c
Acute Flaccid Myelitis (AFM) Reporting Specification Grouper,20260327,rsg,75,2,4c7c2d98e27cfa3a
Acute Flaccid Myelitis (AFM) Reporting Specification Grouper,20260731,rsg,75,2,4c7c2d98e27cfa3a
Acute Flaccid Myelitis Reporting Specification Grouper,20241008,rsg,37,0,724dc9f769075d79
Acute Flaccid Myelitis Reporting Specification Grouper,20241008,rsg,46,0,aef82f3006d0d967
Acute Flaccid Myelitis Reporting Specification Grouper,20250328,rsg,37,0,724dc9f769075d79
Acute Flaccid Myelitis Reporting Specification Grouper,20250829,rsg,47,0,58aa12223f818e6e
Acute Flaccid Myelitis Reporting Specification Grouper,20250829,rsg,37,0,724dc9f769075d79
Acute Flaccid Myelitis Reporting Specification Grouper,20250829,rsg,47,0,58aa12223f818e6e
Acute Flaccid Myelitis Reporting Specification Grouper,20250829,rsg,37,0,724dc9f769075d79
Acute Flaccid Myelitis Reporting Specification Grouper,20250829,rsg,47,0,58aa12223f818e6e
Acute Flaccid Myelitis Reporting Specification Grouper,20250829,rsg,37,0,724dc9f769075d79
Acute Flaccid Myelitis Reporting Specification Grouper,20260327,rsg,47,0,58aa12223f818e6e
Acute Flaccid Myelitis Reporting Specification Grouper,20260327,rsg,37,0,724dc9f769075d79
Acute Flaccid Myelitis Reporting Specification Grouper,20260731,rsg,47,0,58aa12223f818e6e
Acute Flaccid Myelitis Reporting Specification Grouper,20260731,rsg,37,0,724dc9f769075d79
Agricultural Chemicals (Fertilizer) Poisoning Reporting Specification Grouper,20241008,rsg,9,8,bc4ddadbcc511ef8
Agricultural Chemicals (Fertilizer) Poisoning Reporting Specification Grouper,20250328,rsg,9,8,bc4ddadbcc511ef8
Agricultural Chemicals (Fertilizer) Poisoning Reporting Specification Grouper,20250829,rsg,9,8,bc4ddadbcc511ef8
Agricultural Chemicals (Fertilizer) Poisoning Reporting Specification Grouper,20250829,rsg,9,8,bc4ddadbcc511ef8
Agricultural Chemicals (Fertilizer) Poisoning Reporting Specification Grouper,20250829,rsg,9,8,bc4ddadbcc511ef8
Agricultural Chemicals (Fertilizer) Poisoning Reporting Specification Grouper,20260327,rsg,9,8,bc4ddadbcc511ef8
Agricultural Chemicals (Fertilizer) Poisoning Reporting Specification Grouper,20260731,rsg,10,10,28d1f950b08c4376
Alpha-gal Syndrome Reporting Specification Grouper,20241008,rsg,10,10,fae5f3a3da1ee8e6
Alpha-gal Syndrome Reporting Specification Grouper,20250328,rsg,10,10,fae5f3a3da1ee8e6
Alpha-gal Syndrome Reporting Specification Grouper,20250829,rsg,10,10,fae5f3a3da1ee8e6
Alpha-gal Syndrome Reporting Specification Grouper,20250829,rsg,10,10,fae5f3a3da1ee8e6
Alpha-gal Syndrome Reporting Specification Grouper,20250829,rsg,10,10,fae5f3a3da1ee8e6
Alpha-gal Syndrome Reporting Specification Grouper,20260327,rsg,13,13,f8e5905132f803a0
Alpha-gal Syndrome Reporting Specification Grouper,20260731,rsg,13,13,f8e5905132f803a0
Amebiasis Reporting Specification Grouper,20241008,rsg,496,84,913380e8d37ef20c
Amebiasis Reporting Specification Grouper,20250328,rsg,520,89,8065cbca27016f7b
Amebiasis Reporting Specification Grouper,20250829,rsg,520,89,8065cbca27016f7b
Amebiasis Reporting Specification Grouper,20250829,rsg,520,89,8065cbca27016f7b
Amebiasis Reporting Specification Grouper,20250829,rsg,520,89,8065cbca27016f7b
Amebiasis Reporting Specification Grouper,20260327,rsg,524,90,0bfcdcd5c0e26160
Amebiasis Reporting Specification Grouper,20260731,rsg,524,90,0bfcdcd5c0e26160
Anaplasmosis Additional Context Clinical Lab Result Codes,2.0.0,acg,7,0,57ae0449fb0ab1f1
Anaplasmosis Additional Context Clinical Lab Result Codes,3.0.0,acg,7,0,57ae0449fb0ab1f1
Anaplasmosis Additional Context Clinical Lab Result Codes,4.0.0,acg,7,0,57ae0449fb0ab1f1
Anaplasmosis Additional Context Clinical Lab Result Codes,5.0.0,acg,7,0,57ae0449fb0ab1f1
Anaplasmosis Additional Context Clinical Lab Result Codes,6.0.0,acg,7,0,57ae0449fb0ab1f1
Anaplasmosis Additional Context Clinical Lab Result Codes,7.0.0,acg,7,0,57ae0449fb0ab1f1
Anaplasmosis Additional Context Diagnosis Codes,2.0.0,acg,9,0,2b5a45a2cec16ca1
Anaplasmosis Additional Context Diagnosis Codes,3.0.0,acg,9,0,2b5a45a2cec16ca1
Anaplasmosis Additional Context Diagnosis Codes,4.0.0,acg,9,0,2b5a45a2cec16ca1
Anaplasmosis Additional Context Diagnosis Codes,5.0.0,acg,9,0,2b5a45a2cec16ca1
Anaplasmosis Additional Context Diagnosis Codes,6.0.0,acg,9,0,2b5a45a2cec16ca1
Anaplasmosis Additional Context Diagnosis Codes,7.0.0,acg,9,0,2b5a45a2cec16ca1
Anaplasmosis Additional Context Medication Codes,2.0.0,acg,564,0,b9d5923fb74ff17b
Anaplasmosis Additional Context Medication Codes,3.0.0,acg,564,0,b9d5923fb74ff17b
Anaplasmosis Additional Context Medication Codes,4.0.0,acg,512,0,5e70c0827843361d
Anaplasmosis Additional Context Medication Codes,5.0.0,acg,512,0,5e70c0827843361d
Anaplasmosis Additional Context Medication Codes,6.0.0,acg,564,0,b9d5923fb74ff17b
Anaplasmosis Additional Context Medication Codes,7.0.0,acg,564,0,b9d5923fb74ff17b
Anaplasmosis Additional Context Symptom Codes,2.0.0,acg,59,0,5399295e08866d3d
Anaplasmosis Additional Context Symptom Codes,3.0.0,acg,59,0,5399295e08866d3d
Anaplasmosis Additional Context Symptom Codes,4.0.0,acg,58,0,2836bd62f576831e
Anaplasmosis Additional Context Symptom Codes,5.0.0,acg,58,0,2836bd62f576831e
Anaplasmosis Additional Context Symptom Codes,6.0.0,acg,59,0,5399295e08866d3d
Anaplasmosis Additional Context Symptom Codes,7.0.0,acg,59,0,5399295e08866d3d
Anaplasmosis Reporting Specification Grouper,20241008,rsg,939,42,bf0740fd2943443d
Anaplasmosis Reporting Specification Grouper,20250328,rsg,960,42,4a39175eb4f37118
Anaplasmosis Reporting Specification Grouper,20250829,rsg,960,42,4a39175eb4f37118
Anaplasmosis Reporting Specification Grouper,20250829,rsg,960,42,4a39175eb4f37118
Anaplasmosis Reporting Specification Grouper,20250829,rsg,960,42,4a39175eb4f37118
Anaplasmosis Reporting Specification Grouper,20260327,rsg,966,42,1473e1c12f40e138
Anaplasmosis Reporting Specification Grouper,20260731,rsg,966,42,1473e1c12f40e138
Anencephaly Reporting Specification Grouper,20241008,rsg,26,16,d84131c15651465d
Anencephaly Reporting Specification Grouper,20250328,rsg,28,16,0957433b4fe206a3
Anencephaly Reporting Specification Grouper,20250829,rsg,27,16,67c5a04bc8464c57
Anencephaly Reporting Specification Grouper,20250829,rsg,27,16,67c5a04bc8464c57
Anencephaly Reporting Specification Grouper,20250829,rsg,27,16,67c5a04bc8464c57
Anencephaly Reporting Specification Grouper,20260327,rsg,27,16,67c5a04bc8464c57
Anencephaly Reporting Specification Grouper,20260731,rsg,16,16,5e7baa4c5e56ac9d
Angiostrongyliasis Reporting Specification Grouper,20241008,rsg,73,17,3d80eee5030afe7b
Angiostrongyliasis Reporting Specification Grouper,20250328,rsg,73,17,3d80eee5030afe7b
Angiostrongyliasis Reporting Specification Grouper,20250829,rsg,73,17,3d80eee5030afe7b
Angiostrongyliasis Reporting Specification Grouper,20250829,rsg,73,17,3d80eee5030afe7b
Angiostrongyliasis Reporting Specification Grouper,20250829,rsg,73,17,3d80eee5030afe7b
Angiostrongyliasis Reporting Specification Grouper,20260327,rsg,74,17,5550c30d2be09d0d
Angiostrongyliasis Reporting Specification Grouper,20260731,rsg,74,17,5550c30d2be09d0d
Animal Bite Injury Reporting Specification Grouper,20241008,rsg,589,589,bf7af2b3f548e33b
Animal Bite Injury Reporting Specification Grouper,20250328,rsg,589,589,bf7af2b3f548e33b
Animal Bite Injury Reporting Specification Grouper,20250829,rsg,589,589,bf7af2b3f548e33b
Animal Bite Injury Reporting Specification Grouper,20250829,rsg,589,589,bf7af2b3f548e33b
Animal Bite Injury Reporting Specification Grouper,20250829,rsg,589,589,bf7af2b3f548e33b
Animal Bite Injury Reporting Specification Grouper,20260327,rsg,674,674,77247a985ac18837
Animal Bite Injury Reporting Specification Grouper,20260731,rsg,696,676,b9661adc59bb57bd
Anophthalmia Reporting Specification Grouper,20250328,rsg,11,7,1d10c5641f3f2669
Anophthalmia Reporting Specification Grouper,20250829,rsg,11,7,1d10c5641f3f2669
Anophthalmia Reporting Specification Grouper,20250829,rsg,11,7,1d10c5641f3f2669
Anophthalmia Reporting Specification Grouper,20250829,rsg,11,7,1d10c5641f3f2669
Anophthalmia Reporting Specification Grouper,20260327,rsg,11,7,1d10c5641f3f2669
Anophthalmia Reporting Specification Grouper,20260731,rsg,10,10,059a3b358bcd37a6
Anotia Reporting Specification Grouper,20250328,rsg,2,2,932db698a750e722
Anotia Reporting Specification Grouper,20250829,rsg,2,2,932db698a750e722
Anotia Reporting Specification Grouper,20250829,rsg,2,2,932db698a750e722
Anotia Reporting Specification Grouper,20250829,rsg,2,2,932db698a750e722
Anotia Reporting Specification Grouper,20260327,rsg,2,2,932db698a750e722
Anotia Reporting Specification Grouper,20260731,rsg,12,12,517d81b2e378924f
Anthrax Additional Context Immunization Codes,2.0.0,acg,13,0,d6d8e5b450170093
Anthrax Additional Context Immunization Codes,3.0.0,acg,13,0,d6d8e5b450170093
Anthrax Additional Context Immunization Codes,4.0.0,acg,8,0,57095b8cc6ae2cf5
Anthrax Additional Context Immunization Codes,5.0.0,acg,8,0,57095b8cc6ae2cf5
Anthrax Additional Context Immunization Codes,6.0.0,acg,13,0,d6d8e5b450170093
Anthrax Additional Context Immunization Codes,7.0.0,acg,13,0,d6d8e5b450170093
Anthrax Additional Context Medication Codes,2.0.0,acg,3176,0,ad920e331ca98065
Anthrax Additional Context Medication Codes,3.0.0,acg,3176,0,ad920e331ca98065
Anthrax Additional Context Medication Codes,4.0.0,acg,2905,0,1bd6fd134f18d002
Anthrax Additional Context Medication Codes,5.0.0,acg,2905,0,1bd6fd134f18d002
Anthrax Additional Context Medication Codes,6.0.0,acg,3176,0,ad920e331ca98065
Anthrax Additional Context Medication Codes,7.0.0,acg,3176,0,ad920e331ca98065
Anthrax Reporting Specification Grouper,20241008,rsg,1272,68,5e8adc5ebbc5b81c
Anthrax Reporting Specification Grouper,20250328,rsg,1875,68,583b2cab03d7d6d6
Anthrax Reporting Specification Grouper,20250829,rsg,1898,69,9e0b852c8e651035
Anthrax Reporting Specification Grouper,20250829,rsg,1898,69,9e0b852c8e651035
Anthrax Reporting Specification Grouper,20250829,rsg,1898,69,9e0b852c8e651035
Anthrax Reporting Specification Grouper,20260327,rsg,1901,69,192b165084c0e62b
Anthrax Reporting Specification Grouper,20260731,rsg,1901,69,192b165084c0e62b
Aortic valve stenosis Reporting Specification Grouper,20250328,rsg,16,3,760d9ef21b16943e
Aortic valve stenosis Reporting Specification Grouper,20250829,rsg,16,3,760d9ef21b16943e
Aortic valve stenosis Reporting Specification Grouper,20250829,rsg,16,3,760d9ef21b16943e
Aortic valve stenosis Reporting Specification Grouper,20250829,rsg,16,3,760d9ef21b16943e
Aortic valve stenosis Reporting Specification Grouper,20260327,rsg,16,3,760d9ef21b16943e
Aortic valve stenosis Reporting Specification Grouper,20260731,rsg,4,4,acce1107416085f6
Arboviral Disease [Other] Reporting Specification Grouper,20241008,rsg,711,213,a361bb90408df180
Arboviral Disease [Other] Reporting Specification Grouper,20250328,rsg,730,213,7ecdcb067f5618b9
Arboviral Disease [Other] Reporting Specification Grouper,20250829,rsg,748,231,a69a0c5c8a87d9c6
Arboviral Disease [Other] Reporting Specification Grouper,20250829,rsg,748,231,a69a0c5c8a87d9c6
Arboviral Disease [Other] Reporting Specification Grouper,20250829,rsg,748,231,a69a0c5c8a87d9c6
Arboviral Disease [Other] Reporting Specification Grouper,20260327,rsg,751,231,00dadbd74feefff5
Arboviral Disease [Other] Reporting Specification Grouper,20260731,rsg,762,242,34c7b579674cff4b
Arsenic Exposure and Toxicity Reporting Specification Grouper,20241008,rsg,130,53,9e96d0e3e469d6ed
Arsenic Exposure and Toxicity Reporting Specification Grouper,20250328,rsg,130,53,9e96d0e3e469d6ed
Arsenic Exposure and Toxicity Reporting Specification Grouper,20250829,rsg,132,53,37e8322140b441f4
Arsenic Exposure and Toxicity Reporting Specification Grouper,20250829,rsg,132,53,37e8322140b441f4
Arsenic Exposure and Toxicity Reporting Specification Grouper,20250829,rsg,132,53,37e8322140b441f4
Arsenic Exposure and Toxicity Reporting Specification Grouper,20260327,rsg,139,60,efbc102688f5cf68
Arsenic Exposure and Toxicity Reporting Specification Grouper,20260731,rsg,139,60,efbc102688f5cf68
Asbestosis Reporting Specification Grouper,20241008,rsg,9,9,6176b3591682d0d9
Asbestosis Reporting Specification Grouper,20250328,rsg,9,9,6176b3591682d0d9
Asbestosis Reporting Specification Grouper,20250829,rsg,9,9,6176b3591682d0d9
Asbestosis Reporting Specification Grouper,20250829,rsg,9,9,6176b3591682d0d9
Asbestosis Reporting Specification Grouper,20250829,rsg,9,9,6176b3591682d0d9
Asbestosis Reporting Specification Grouper,20260327,rsg,9,9,6176b3591682d0d9
Asbestosis Reporting Specification Grouper,20260731,rsg,9,9,6176b3591682d0d9
Atrial septal defect Reporting Specification Grouper,20250328,rsg,36,11,386dfd78d72cbc6c
Atrial septal defect Reporting Specification Grouper,20250829,rsg,36,11,386dfd78d72cbc6c
Atrial septal defect Reporting Specification Grouper,20250829,rsg,36,11,386dfd78d72cbc6c
Atrial septal defect Reporting Specification Grouper,20250829,rsg,36,11,386dfd78d72cbc6c
Atrial septal defect Reporting Specification Grouper,20260327,rsg,36,11,386dfd78d72cbc6c
Atrial septal defect Reporting Specification Grouper,20260731,rsg,11,11,25362a4e781ae1c6
Atrioventricular septal defect (Endocardial cushion defect) Reporting Specification Grouper,20241008,rsg,79,68,427ee7ebe97ed755
Atrioventricular septal defect (Endocardial cushion defect) Reporting Specification Grouper,20250328,rsg,79,68,427ee7ebe97ed755
Atrioventricular septal defect (Endocardial cushion defect) Reporting Specification Grouper,20250829,rsg,81,68,0e6b9db172b3b90b
Atrioventricular septal defect (Endocardial cushion defect) Reporting Specification Grouper,20250829,rsg,81,68,0e6b9db172b3b90b
Atrioventricular septal defect (Endocardial cushion defect) Reporting Specification Grouper,20250829,rsg,81,68,0e6b9db172b3b90b
Atrioventricular septal defect (Endocardial cushion defect) Reporting Specification Grouper,20260327,rsg,81,68,0e6b9db172b3b90b
Atrioventricular septal defect (Endocardial cushion defect) Reporting Specification Grouper,20260731,rsg,70,69,d228d3f10ed4a2a6
Babesiosis Additional Context Clinical Lab Result Codes,2.0.0,acg,3,0,f83ad1608310c126
Babesiosis Additional Context Clinical Lab Result Codes,3.0.0,acg,3,0,f83ad1608310c126
Babesiosis Additional Context Clinical Lab Result Codes,4.0.0,acg,3,0,f83ad1608310c126
Babesiosis Additional Context Clinical Lab Result Codes,5.0.0,acg,3,0,f83ad1608310c126
Babesiosis Additional Context Clinical Lab Result Codes,6.0.0,acg,3,0,f83ad1608310c126
Babesiosis Additional Context Clinical Lab Result Codes,7.0.0,acg,3,0,f83ad1608310c126
Babesiosis Additional Context Medication Codes,2.0.0,acg,322,0,2e6885665331e93e
Babesiosis Additional Context Medication Codes,3.0.0,acg,322,0,2e6885665331e93e
Babesiosis Additional Context Medication Codes,4.0.0,acg,302,0,fc5933f9a0f31c86
Babesiosis Additional Context Medication Codes,5.0.0,acg,302,0,fc5933f9a0f31c86
Babesiosis Additional Context Medication Codes,6.0.0,acg,322,0,2e6885665331e93e
Babesiosis Additional Context Medication Codes,7.0.0,acg,322,0,2e6885665331e93e
Babesiosis Additional Context Specimen Source Codes,2.0.0,acg,1,0,dac0c2aca13a00e9
Babesiosis Additional Context Specimen Source Codes,3.0.0,acg,1,0,dac0c2aca13a00e9
Babesiosis Additional Context Specimen Source Codes,4.0.0,acg,1,0,dac0c2aca13a00e9
Babesiosis Additional Context Specimen Source Codes,5.0.0,acg,1,0,dac0c2aca13a00e9
Babesiosis Additional Context Specimen Source Codes,6.0.0,acg,1,0,dac0c2aca13a00e9
Babesiosis Additional Context Specimen Source Codes,7.0.0,acg,1,0,dac0c2aca13a00e9
Babesiosis Additional Context Symptom Codes,2.0.0,acg,33,0,d5892135e03e109c
Babesiosis Additional Context Symptom Codes,3.0.0,acg,33,0,d5892135e03e109c
Babesiosis Additional Context Symptom Codes,4.0.0,acg,31,0,f045664f312ebf84
Babesiosis Additional Context Symptom Codes,5.0.0,acg,31,0,f045664f312ebf84
Babesiosis Additional Context Symptom Codes,6.0.0,acg,33,0,d5892135e03e109c
Babesiosis Additional Context Symptom Codes,7.0.0,acg,33,0,d5892135e03e109c
Babesiosis Reporting Specification Grouper,20241008,rsg,640,108,5d14ffcea43cc583
Babesiosis Reporting Specification Grouper,20250328,rsg,640,108,5d14ffcea43cc583
Babesiosis Reporting Specification Grouper,20250829,rsg,641,109,d611658f19dcb04b
Babesiosis Reporting Specification Grouper,20250829,rsg,641,109,d611658f19dcb04b
Babesiosis Reporting Specification Grouper,20250829,rsg,641,109,d611658f19dcb04b
Babesiosis Reporting Specification Grouper,20260327,rsg,645,109,1be84a5b8b9c99eb
Babesiosis Reporting Specification Grouper,20260731,rsg,650,114,a879465ec5e964c4
Balamuthia mandrillaris Disease Reporting Specification Grouper,20241008,rsg,864,5,5731dc6cfcb47fb5
Balamuthia mandrillaris Disease Reporting Specification Grouper,20250328,rsg,883,5,ec4707286f5fbf2d
Balamuthia mandrillaris Disease Reporting Specification Grouper,20250829,rsg,1178,5,17378a96dcaafc94
Balamuthia mandrillaris Disease Reporting Specification Grouper,20250829,rsg,1178,5,17378a96dcaafc94
Balamuthia mandrillaris Disease Reporting Specification Grouper,20250829,rsg,1178,5,17378a96dcaafc94
Balamuthia mandrillaris Disease Reporting Specification Grouper,20260327,rsg,1184,5,d430b2bd75adbd82
Balamuthia mandrillaris Disease Reporting Specification Grouper,20260731,rsg,1196,5,ee1ed725f9561227
Bartonellosis Reporting Specification Grouper,20241008,rsg,1397,163,ecfc37a1c3b6ff37
Bartonellosis Reporting Specification Grouper,20250328,rsg,1425,164,65e3d385c21b9004
Bartonellosis Reporting Specification Grouper,20250829,rsg,1425,164,65e3d385c21b9004
Bartonellosis Reporting Specification Grouper,20250829,rsg,1425,164,65e3d385c21b9004
Bartonellosis Reporting Specification Grouper,20250829,rsg,1425,164,65e3d385c21b9004
Bartonellosis Reporting Specification Grouper,20260327,rsg,1431,164,8f13be7d7e9a0dc6
Bartonellosis Reporting Specification Grouper,20260731,rsg,1431,164,8f13be7d7e9a0dc6
Baylisascariasis Reporting Specification Grouper,20241008,rsg,506,6,a79fd4a70fddec80
Baylisascariasis Reporting Specification Grouper,20250328,rsg,511,7,a78e04492ea87f8e
Baylisascariasis Reporting Specification Grouper,20250829,rsg,511,7,a78e04492ea87f8e
Baylisascariasis Reporting Specification Grouper,20250829,rsg,511,7,a78e04492ea87f8e
Baylisascariasis Reporting Specification Grouper,20250829,rsg,511,7,a78e04492ea87f8e
Baylisascariasis Reporting Specification Grouper,20260327,rsg,515,7,0e9555365c531651
Baylisascariasis Reporting Specification Grouper,20260731,rsg,515,7,0e9555365c531651
Biliary Atresia Reporting Specification Grouper,20250829,rsg,4,4,f03be434448771c0
Biliary Atresia Reporting Specification Grouper,20250829,rsg,4,4,f03be434448771c0
Biliary Atresia Reporting Specification Grouper,20250829,rsg,4,4,f03be434448771c0
Biliary Atresia Reporting Specification Grouper,20260327,rsg,4,4,f03be434448771c0
Biliary Atresia Reporting Specification Grouper,20260731,rsg,13,13,d46fcc00cdaf5af7
Bladder Exstrophy Reporting Specification Grouper,20250328,rsg,4,4,38ab68f986908271
Bladder Exstrophy Reporting Specification Grouper,20250829,rsg,4,4,38ab68f986908271
Bladder Exstrophy Reporting Specification Grouper,20250829,rsg,4,4,38ab68f986908271
Bladder Exstrophy Reporting Specification Grouper,20250829,rsg,4,4,38ab68f986908271
Bladder Exstrophy Reporting Specification Grouper,20260327,rsg,4,4,38ab68f986908271
Bladder Exstrophy Reporting Specification Grouper,20260731,rsg,6,6,fa95e2e0bf1c3905
Blastomycosis Reporting Specification Grouper,20241008,rsg,934,84,916e2949f6491764
Blastomycosis Reporting Specification Grouper,20250328,rsg,954,85,893ff7e35834f6e9
Blastomycosis Reporting Specification Grouper,20250829,rsg,955,85,743b6eb85944db4f
Blastomycosis Reporting Specification Grouper,20250829,rsg,955,85,743b6eb85944db4f
Blastomycosis Reporting Specification Grouper,20250829,rsg,955,85,743b6eb85944db4f
Blastomycosis Reporting Specification Grouper,20260327,rsg,964,87,e9bd2a7c4a4dcce2
Blastomycosis Reporting Specification Grouper,20260731,rsg,964,87,e9bd2a7c4a4dcce2
Botulism Additional Context Medication Codes,2.0.0,acg,1307,0,4340d1efc5847081
Botulism Additional Context Medication Codes,3.0.0,acg,1307,0,4340d1efc5847081
Botulism Additional Context Medication Codes,4.0.0,acg,1218,0,0fef8782c2134f05
Botulism Additional Context Medication Codes,5.0.0,acg,1218,0,0fef8782c2134f05
Botulism Additional Context Medication Codes,6.0.0,acg,1307,0,4340d1efc5847081
Botulism Additional Context Medication Codes,7.0.0,acg,1307,0,4340d1efc5847081
Botulism Reporting Specification Grouper,20241008,rsg,590,106,a5af28d6c3a1216d
Botulism Reporting Specification Grouper,20250328,rsg,620,106,a4936348df9da1a2
Botulism Reporting Specification Grouper,20250829,rsg,622,108,d9eaa626bceace92
Botulism Reporting Specification Grouper,20250829,rsg,622,108,d9eaa626bceace92
Botulism Reporting Specification Grouper,20250829,rsg,622,108,d9eaa626bceace92
Botulism Reporting Specification Grouper,20260327,rsg,624,108,9e0454ba961c50ed
Botulism Reporting Specification Grouper,20260731,rsg,615,110,afc10383ac9ac633
"Botulism, Infant Reporting Specification Grouper",20241008,rsg,672,107,5c75bf77f29cd7c6
"Botulism, Infant Reporting Specification Grouper",20250328,rsg,702,107,4987e468287794d1
"Botulism, Infant Reporting Specification Grouper",20250829,rsg,704,109,6f45321bffcd8c82
"Botulism, Infant Reporting Specification Grouper",20250829,rsg,704,109,6f45321bffcd8c82
"Botulism, Infant Reporting Specification Grouper",20250829,rsg,704,109,6f45321bffcd8c82
"Botulism, Infant Reporting Specification Grouper",20260327,rsg,706,109,ad56c10876d788d5
"Botulism, Infant Reporting Specification Grouper",20260731,rsg,708,111,30a7400e6c133b0c
Brucellosis Reporting Specification Grouper,20241008,rsg,1286,164,48854365d247a017
Brucellosis Reporting Specification Grouper,20250328,rsg,2251,170,8bceb0f14fce5a53
Brucellosis Reporting Specification Grouper,20250829,rsg,2262,170,af5f697579cb0c27
Brucellosis Reporting Specification Grouper,20250829,rsg,2262,170,af5f697579cb0c27
Brucellosis Reporting Specification Grouper,20250829,rsg,2262,170,af5f697579cb0c27
Brucellosis Reporting Specification Grouper,20260327,rsg,2267,170,a70eead369bd59d2
Brucellosis Reporting Specification Grouper,20260731,rsg,2268,170,fa5fa61006d0079f
Byssinosis Reporting Specification Grouper,20241008,rsg,5,5,d5b3f860d1c36eeb
Byssinosis Reporting Specification Grouper,20250328,rsg,5,5,d5b3f860d1c36eeb
Byssinosis Reporting Specification Grouper,20250829,rsg,5,5,d5b3f860d1c36eeb
Byssinosis Reporting Specification Grouper,20250829,rsg,5,5,d5b3f860d1c36eeb
Byssinosis Reporting Specification Grouper,20250829,rsg,5,5,d5b3f860d1c36eeb
Byssinosis Reporting Specification Grouper,20260327,rsg,5,5,d5b3f860d1c36eeb
Byssinosis Reporting Specification Grouper,20260731,rsg,5,5,d5b3f860d1c36eeb
COVID-19 Additional Context Clinical Lab Result Codes,6.0.0,acg,170,0,856f1d47ab1d44b7
COVID-19 Additional Context Clinical Lab Result Codes,7.0.0,acg,170,0,856f1d47ab1d44b7
COVID-19 Additional Context Diagnosis Codes,2.0.0,acg,7,0,a0b66a0d6a845de7
COVID-19 Additional Context Diagnosis Codes,3.0.0,acg,7,0,a0b66a0d6a845de7
COVID-19 Additional Context Diagnosis Codes,4.0.0,acg,7,0,a0b66a0d6a845de7
COVID-19 Additional Context Diagnosis Codes,5.0.0,acg,7,0,a0b66a0d6a845de7
COVID-19 Additional Context Diagnosis Codes,6.0.0,acg,7654,5,d4270c3e08b99ae4
COVID-19 Additional Context Diagnosis Codes,7.0.0,acg,7691,5,7d23bd31f0ab29af
COVID-19 Additional Context Immunization Codes,2.0.0,acg,154,0,b58255286f6a901d
COVID-19 Additional Context Immunization Codes,3.0.0,acg,154,0,b58255286f6a901d
COVID-19 Additional Context Immunization Codes,4.0.0,acg,46,0,323c3d635147262f
COVID-19 Additional Context Immunization Codes,5.0.0,acg,46,0,323c3d635147262f
COVID-19 Additional Context Immunization Codes,6.0.0,acg,154,0,b58255286f6a901d
COVID-19 Additional Context Immunization Codes,7.0.0,acg,154,0,b58255286f6a901d
COVID-19 Additional Context Medication Codes,2.0.0,acg,614,0,ba5ab1ca2eeac8cb
COVID-19 Additional Context Medication Codes,3.0.0,acg,614,0,ba5ab1ca2eeac8cb
COVID-19 Additional Context Medication Codes,4.0.0,acg,527,0,1faf83fcfdfd3057
COVID-19 Additional Context Medication Codes,5.0.0,acg,527,0,1faf83fcfdfd3057
COVID-19 Additional Context Medication Codes,6.0.0,acg,4964,0,48f770ed309d0129
COVID-19 Additional Context Medication Codes,7.0.0,acg,4964,0,48f770ed309d0129
COVID-19 Additional Context Specimen Source Codes,2.0.0,acg,3,0,8d9741deca8ff2b8
COVID-19 Additional Context Specimen Source Codes,3.0.0,acg,3,0,8d9741deca8ff2b8
COVID-19 Additional Context Specimen Source Codes,4.0.0,acg,2,0,6934c0a03269854d
COVID-19 Additional Context Specimen Source Codes,5.0.0,acg,2,0,6934c0a03269854d
COVID-19 Additional Context Specimen Source Codes,6.0.0,acg,3,0,8d9741deca8ff2b8
COVID-19 Additional Context Specimen Source Codes,7.0.0,acg,3,0,8d9741deca8ff2b8
COVID-19 Additional Context Symptom Codes,2.0.0,acg,46,0,9ff4cc5176a4455f
COVID-19 Additional Context Symptom Codes,3.0.0,acg,46,0,9ff4cc5176a4455f
COVID-19 Additional Context Symptom Codes,4.0.0,acg,44,0,2a102c4308f582ad
COVID-19 Additional Context Symptom Codes,5.0.0,acg,44,0,2a102c4308f582ad
COVID-19 Additional Context Symptom Codes,6.0.0,acg,944,0,709c38952b05399f
COVID-19 Additional Context Symptom Codes,7.0.0,acg,944,0,709c38952b05399f
COVID-19 Reporting Specification Grouper,20241008,rsg,669,125,b34b69b6470d71c0
COVID-19 Reporting Specification Grouper,20241008,rsg,1101,137,687b143e115eb72c
COVID-19 Reporting Specification Grouper,20250328,rsg,665,122,6b8c7166fcba6f26
COVID-19 Reporting Specification Grouper,20250328,rsg,1098,135,7b51a86ef445557a
COVID-19 Reporting Specification Grouper,20250829,rsg,685,126,be53e8b16c289152
COVID-19 Reporting Specification Grouper,20250829,rsg,1118,138,d5fdd9b00a59ba08
COVID-19 Reporting Specification Grouper,20250829,rsg,685,126,be53e8b16c289152
COVID-19 Reporting Specification Grouper,20250829,rsg,1118,138,d5fdd9b00a59ba08
COVID-19 Reporting Specification Grouper,20250829,rsg,685,126,be53e8b16c289152
COVID-19 Reporting Specification Grouper,20250829,rsg,1118,138,d5fdd9b00a59ba08
COVID-19 Reporting Specification Grouper,20260327,rsg,682,126,2be34738c358de16
COVID-19 Reporting Specification Grouper,20260327,rsg,1115,138,73e2a42997111a98
COVID-19 Reporting Specification Grouper,20260731,rsg,1130,153,ce9e8181bb9132ae
COVID-19 Reporting Specification Grouper,20260731,rsg,702,146,43d8c0c7c66dccd7
COVID-19-Associated Pediatric Mortality Reporting Specification Grouper,20260327,rsg,647,135,1b64086d6fff2e07
COVID-19-Associated Pediatric Mortality Reporting Specification Grouper,20260731,rsg,662,150,020ee3eb3fc8a28f
Cadmium Exposure and Toxicity Reporting Specification Grouper,20241008,rsg,111,29,a6c94e835e3b606c
Cadmium Exposure and Toxicity Reporting Specification Grouper,20250328,rsg,111,29,a6c94e835e3b606c
Cadmium Exposure and Toxicity Reporting Specification Grouper,20250829,rsg,113,29,29a22e0fb2d55dfb
Cadmium Exposure and Toxicity Reporting Specification Grouper,20250829,rsg,113,29,29a22e0fb2d55dfb
Cadmium Exposure and Toxicity Reporting Specification Grouper,20250829,rsg,113,29,29a22e0fb2d55dfb
Cadmium Exposure and Toxicity Reporting Specification Grouper,20260327,rsg,115,31,dbd811becda10b11
Cadmium Exposure and Toxicity Reporting Specification Grouper,20260731,rsg,115,31,dbd811becda10b11
California Serogroup Virus Disease Reporting Specification Grouper,20241008,rsg,591,176,8cb6b04586d59385
California Serogroup Virus Disease Reporting Specification Grouper,20250328,rsg,610,176,66579b969a1794a8
California Serogroup Virus Disease Reporting Specification Grouper,20250829,rsg,611,177,1b97d37023b3d5b4
California Serogroup Virus Disease Reporting Specification Grouper,20250829,rsg,611,177,1b97d37023b3d5b4
California Serogroup Virus Disease Reporting Specification Grouper,20250829,rsg,611,177,1b97d37023b3d5b4
California Serogroup Virus Disease Reporting Specification Grouper,20260327,rsg,614,177,33d29d4e8a2aa0eb
California Serogroup Virus Disease Reporting Specification Grouper,20260731,rsg,614,177,33d29d4e8a2aa0eb
Campylobacteriosis Additional Context Clinical Lab Result Codes,6.0.0,acg,1,0,40a32a5376cbe0e1
Campylobacteriosis Additional Context Clinical Lab Result Codes,7.0.0,acg,1,0,40a32a5376cbe0e1
Campylobacteriosis Additional Context Diagnosis Codes,6.0.0,acg,1142,0,fcb6a62cd70f65e6
Campylobacteriosis Additional Context Diagnosis Codes,7.0.0,acg,1142,0,fcb6a62cd70f65e6
Campylobacteriosis Additional Context Medication Codes,2.0.0,acg,2326,0,a5409b12501a40b3
Campylobacteriosis Additional Context Medication Codes,3.0.0,acg,2326,0,a5409b12501a40b3
Campylobacteriosis Additional Context Medication Codes,4.0.0,acg,2183,0,3960283717df3834
Campylobacteriosis Additional Context Medication Codes,5.0.0,acg,2183,0,3960283717df3834
Campylobacteriosis Additional Context Medication Codes,6.0.0,acg,4020,0,ad8401535fd7df6e
Campylobacteriosis Additional Context Medication Codes,7.0.0,acg,4020,0,ad8401535fd7df6e
Campylobacteriosis Additional Context Specimen Source Codes,2.0.0,acg,6,0,b8d54b8b503ade1d
Campylobacteriosis Additional Context Specimen Source Codes,3.0.0,acg,6,0,b8d54b8b503ade1d
Campylobacteriosis Additional Context Specimen Source Codes,4.0.0,acg,6,0,b8d54b8b503ade1d
Campylobacteriosis Additional Context Specimen Source Codes,5.0.0,acg,6,0,b8d54b8b503ade1d
Campylobacteriosis Additional Context Specimen Source Codes,6.0.0,acg,6,0,b8d54b8b503ade1d
Campylobacteriosis Additional Context Specimen Source Codes,7.0.0,acg,6,0,b8d54b8b503ade1d
Campylobacteriosis Additional Context Symptom Codes,2.0.0,acg,59,0,ee13a532bfa187c6
Campylobacteriosis Additional Context Symptom Codes,3.0.0,acg,59,0,ee13a532bfa187c6
Campylobacteriosis Additional Context Symptom Codes,4.0.0,acg,58,0,9d0941d0676cf982
Campylobacteriosis Additional Context Symptom Codes,5.0.0,acg,58,0,9d0941d0676cf982
Campylobacteriosis Additional Context Symptom Codes,6.0.0,acg,941,0,163a43396a4f8507
Campylobacteriosis Additional Context Symptom Codes,7.0.0,acg,941,0,163a43396a4f8507
Campylobacteriosis Reporting Specification Grouper,20241008,rsg,608,106,db685555564effe0
Campylobacteriosis Reporting Specification Grouper,20250328,rsg,627,106,ac9251fa5c174bce
Campylobacteriosis Reporting Specification Grouper,20250829,rsg,631,110,b5f06a115e168786
Campylobacteriosis Reporting Specification Grouper,20250829,rsg,631,110,b5f06a115e168786
Campylobacteriosis Reporting Specification Grouper,20250829,rsg,631,110,b5f06a115e168786
Campylobacteriosis Reporting Specification Grouper,20260327,rsg,639,110,0aee6b10d1ccc030
Campylobacteriosis Reporting Specification Grouper,20260731,rsg,648,119,c93952a430116a50
Cancer Reporting Specification Grouper,20241008,rsg,7463,0,5c3ebe8d7af53fdc
Cancer Reporting Specification Grouper,20250328,rsg,7463,0,5c3ebe8d7af53fdc
Cancer Reporting Specification Grouper,20250829,rsg,7185,0,65212793405c79d9
Cancer Reporting Specification Grouper,20250829,rsg,7185,0,65212793405c79d9
Cancer Reporting Specification Grouper,20250829,rsg,7185,0,65212793405c79d9
Cancer Reporting Specification Grouper,20260327,rsg,7185,0,65212793405c79d9
Cancer Reporting Specification Grouper,20260731,rsg,7185,0,65212793405c79d9
Candida auris infection Reporting Specification Grouper,20241008,rsg,442,4,a46768ddf2483ba0
Candida auris infection Reporting Specification Grouper,20241008,rsg,461,7,52f9bedb5c6f6815
Candida auris infection Reporting Specification Grouper,20250328,rsg,464,7,a4316f9e7cac9d43
Candida auris infection Reporting Specification Grouper,20250328,rsg,483,8,31d8da112b2ef51c
Candida auris infection Reporting Specification Grouper,20250829,rsg,483,8,31d8da112b2ef51c
Candida auris infection Reporting Specification Grouper,20250829,rsg,464,7,a4316f9e7cac9d43
Candida auris infection Reporting Specification Grouper,20250829,rsg,483,8,31d8da112b2ef51c
Candida auris infection Reporting Specification Grouper,20250829,rsg,464,7,a4316f9e7cac9d43
Candida auris infection Reporting Specification Grouper,20250829,rsg,483,8,31d8da112b2ef51c
Candida auris infection Reporting Specification Grouper,20250829,rsg,464,7,a4316f9e7cac9d43
Candida auris infection Reporting Specification Grouper,20260327,rsg,491,13,20e730f3f3002ece
Candida auris infection Reporting Specification Grouper,20260327,rsg,472,12,ffee7b618cd20dac
Candida auris infection Reporting Specification Grouper,20260731,rsg,491,13,20e730f3f3002ece
Candida auris infection Reporting Specification Grouper,20260731,rsg,472,12,ffee7b618cd20dac
Candidemia Reporting Specification Grouper,20250829,rsg,707,235,8a23fb360e68cef9
Candidemia Reporting Specification Grouper,20250829,rsg,707,235,8a23fb360e68cef9
Candidemia Reporting Specification Grouper,20250829,rsg,707,235,8a23fb360e68cef9
Candidemia Reporting Specification Grouper,20260327,rsg,710,235,26a6f3f44174706a
Candidemia Reporting Specification Grouper,20260731,rsg,716,241,5b69f59ea53c6f8e
Carbapenem-resistant Acinetobacter baumannii (CRAB) Reporting Specification Grouper,20241008,rsg,566,69,5fd81a5c007914d9
Carbapenem-resistant Acinetobacter baumannii (CRAB) Reporting Specification Grouper,20250328,rsg,623,155,ffad2a05c2c2455f
Carbapenem-resistant Acinetobacter baumannii (CRAB) Reporting Specification Grouper,20250829,rsg,623,155,ffad2a05c2c2455f
Carbapenem-resistant Acinetobacter baumannii (CRAB) Reporting Specification Grouper,20250829,rsg,623,155,ffad2a05c2c2455f
Carbapenem-resistant Acinetobacter baumannii (CRAB) Reporting Specification Grouper,20250829,rsg,623,155,ffad2a05c2c2455f
Carbapenem-resistant Acinetobacter baumannii (CRAB) Reporting Specification Grouper,20260327,rsg,650,179,322da2beeb1d158f
Carbapenem-resistant Acinetobacter baumannii (CRAB) Reporting Specification Grouper,20260731,rsg,673,202,1db3ae29fab82dba
Carbapenem-resistant Enterobacterales (CRE) Reporting Specification Grouper,20250328,rsg,4757,4289,279e3abc1221f054
Carbapenem-resistant Enterobacterales (CRE) Reporting Specification Grouper,20250829,rsg,4757,4289,279e3abc1221f054
Carbapenem-resistant Enterobacterales (CRE) Reporting Specification Grouper,20250829,rsg,4757,4289,279e3abc1221f054
Carbapenem-resistant Enterobacterales (CRE) Reporting Specification Grouper,20250829,rsg,4757,4289,279e3abc1221f054
Carbapenem-resistant Enterobacterales (CRE) Reporting Specification Grouper,20260327,rsg,5186,4715,d5ce380bb4405516
Carbapenem-resistant Enterobacterales (CRE) Reporting Specification Grouper,20260731,rsg,5218,4747,385bfd9d2f7a8432
Carbapenem-resistant Enterobacteriaceae (CRE) Reporting Specification Grouper,20250328,rsg,4716,4246,e5cb9784faa683f6
Carbapenem-resistant Enterobacteriaceae (CRE) Reporting Specification Grouper,20250829,rsg,4716,4246,e5cb9784faa683f6
Carbapenem-resistant Enterobacteriaceae (CRE) Reporting Specification Grouper,20250829,rsg,4716,4246,e5cb9784faa683f6
Carbapenem-resistant Enterobacteriaceae (CRE) Reporting Specification Grouper,20250829,rsg,4716,4246,e5cb9784faa683f6
Carbapenem-resistant Enterobacteriaceae (CRE) Reporting Specification Grouper,20260327,rsg,4879,4406,35b5133e936ae2f1
Carbapenem-resistant Enterobacteriaceae (CRE) Reporting Specification Grouper,20260731,rsg,4885,4412,7f84e0b2756f6af6
Carbapenem-resistant Organisms Additional Context Diagnosis Codes,7.0.0,acg,4725,0,5332954508a954c7
Carbapenem-resistant Organisms Additional Context Lab Result Codes,7.0.0,acg,9,0,a4a7e51b8d967ee0
Carbapenem-resistant Organisms Additional Context Medication Codes,7.0.0,acg,6169,0,a50e33dad04b75eb
Carbapenem-resistant Organisms Additional Context Symptom Codes,7.0.0,acg,2809,0,af27fcbe0c89afe3
Carbapenem-resistant Pseudomonas aeruginosa (CRPA) Reporting Specification Grouper,20241008,rsg,580,83,14128be16bfa9927
Carbapenem-resistant Pseudomonas aeruginosa (CRPA) Reporting Specification Grouper,20250328,rsg,637,169,379246b5a8311519
Carbapenem-resistant Pseudomonas aeruginosa (CRPA) Reporting Specification Grouper,20250829,rsg,640,172,53a7bd49f86ff175
Carbapenem-resistant Pseudomonas aeruginosa (CRPA) Reporting Specification Grouper,20250829,rsg,640,172,53a7bd49f86ff175
Carbapenem-resistant Pseudomonas aeruginosa (CRPA) Reporting Specification Grouper,20250829,rsg,640,172,53a7bd49f86ff175
Carbapenem-resistant Pseudomonas aeruginosa (CRPA) Reporting Specification Grouper,20260327,rsg,665,194,1016efb90895cf05
Carbapenem-resistant Pseudomonas aeruginosa (CRPA) Reporting Specification Grouper,20260731,rsg,674,203,c2411531f054d3e0
Carbapenemase-Producing Organisms (CPO) Reporting Specification Grouper,20241008,rsg,144,109,e2e5d5ddf637958b
Carbapenemase-Producing Organisms (CPO) Reporting Specification Grouper,20250328,rsg,176,141,e6604d1a267fbf5b
Carbapenemase-Producing Organisms (CPO) Reporting Specification Grouper,20250829,rsg,176,141,e6604d1a267fbf5b
Carbapenemase-Producing Organisms (CPO) Reporting Specification Grouper,20250829,rsg,176,141,e6604d1a267fbf5b
Carbapenemase-Producing Organisms (CPO) Reporting Specification Grouper,20250829,rsg,176,141,e6604d1a267fbf5b
Carbapenemase-Producing Organisms (CPO) Reporting Specification Grouper,20260327,rsg,200,165,aa74791b3f8c3494
Carbapenemase-Producing Organisms (CPO) Reporting Specification Grouper,20260731,rsg,207,172,236a8fff06d1cb94
Carbapenemase-producing Carbapenem-resistant Enterobacteriaceae (CP-CRE) Reporting Specification Grouper,20241008,rsg,4648,109,e377dbbf88c11c86
Carbapenemase-producing Carbapenem-resistant Enterobacteriaceae (CP-CRE) Reporting Specification Grouper,20250328,rsg,4716,141,e5cb9784faa683f6
Carbapenemase-producing Carbapenem-resistant Enterobacteriaceae (CP-CRE) Reporting Specification Grouper,20250829,rsg,4716,141,e5cb9784faa683f6
Carbapenemase-producing Carbapenem-resistant Enterobacteriaceae (CP-CRE) Reporting Specification Grouper,20250829,rsg,4716,141,e5cb9784faa683f6
Carbapenemase-producing Carbapenem-resistant Enterobacteriaceae (CP-CRE) Reporting Specification Grouper,20250829,rsg,4716,141,e5cb9784faa683f6
Carbapenemase-producing Carbapenem-resistant Enterobacteriaceae (CP-CRE) Reporting Specification Grouper,20260327,rsg,4879,166,35b5133e936ae2f1
Carbapenemase-producing Carbapenem-resistant Enterobacteriaceae (CP-CRE) Reporting Specification Grouper,20260731,rsg,4885,172,7f84e0b2756f6af6
Carbon Monoxide Poisoning Reporting Specification Grouper,20241008,rsg,304,100,d737d30cef1acedb
Carbon Monoxide Poisoning Reporting Specification Grouper,20250328,rsg,276,100,b8d442f876b33cd5
Carbon Monoxide Poisoning Reporting Specification Grouper,20250829,rsg,278,100,34e3439a951d0b37
Carbon Monoxide Poisoning Reporting Specification Grouper,20250829,rsg,278,100,34e3439a951d0b37
Carbon Monoxide Poisoning Reporting Specification Grouper,20250829,rsg,278,100,34e3439a951d0b37
Carbon Monoxide Poisoning Reporting Specification Grouper,20260327,rsg,321,106,620344e194988974
Carbon Monoxide Poisoning Reporting Specification Grouper,20260731,rsg,321,106,620344e194988974
Catheter-associated Urinary Tract Infection (CAUTI) Reporting Specification Grouper,20241008,rsg,8,8,5cbbee3bad57fba5
Catheter-associated Urinary Tract Infection (CAUTI) Reporting Specification Grouper,20250328,rsg,8,8,5cbbee3bad57fba5
Catheter-associated Urinary Tract Infection (CAUTI) Reporting Specification Grouper,20250829,rsg,8,8,5cbbee3bad57fba5
Catheter-associated Urinary Tract Infection (CAUTI) Reporting Specification Grouper,20250829,rsg,8,8,5cbbee3bad57fba5
Catheter-associated Urinary Tract Infection (CAUTI) Reporting Specification Grouper,20250829,rsg,8,8,5cbbee3bad57fba5
Catheter-associated Urinary Tract Infection (CAUTI) Reporting Specification Grouper,20260327,rsg,8,8,5cbbee3bad57fba5
Catheter-associated Urinary Tract Infection (CAUTI) Reporting Specification Grouper,20260731,rsg,8,8,5cbbee3bad57fba5
Central Line-associated Bloodstream Infection (CLABSI) Reporting Specification Grouper,20241008,rsg,6,6,85bf0d13b3d53e3e
Central Line-associated Bloodstream Infection (CLABSI) Reporting Specification Grouper,20250328,rsg,6,6,85bf0d13b3d53e3e
Central Line-associated Bloodstream Infection (CLABSI) Reporting Specification Grouper,20250829,rsg,6,6,85bf0d13b3d53e3e
Central Line-associated Bloodstream Infection (CLABSI) Reporting Specification Grouper,20250829,rsg,6,6,85bf0d13b3d53e3e
Central Line-associated Bloodstream Infection (CLABSI) Reporting Specification Grouper,20250829,rsg,6,6,85bf0d13b3d53e3e
Central Line-associated Bloodstream Infection (CLABSI) Reporting Specification Grouper,20260327,rsg,6,6,85bf0d13b3d53e3e
Central Line-associated Bloodstream Infection (CLABSI) Reporting Specification Grouper,20260731,rsg,7,7,9647d785eac3e746
Chagas Disease Reporting Specification Grouper,20241008,rsg,563,69,aab2739eecf2dc16
Chagas Disease Reporting Specification Grouper,20250328,rsg,571,73,e94c4073f5c2b0c6
Chagas Disease Reporting Specification Grouper,20250829,rsg,571,73,e94c4073f5c2b0c6
Chagas Disease Reporting Specification Grouper,20250829,rsg,571,73,e94c4073f5c2b0c6
Chagas Disease Reporting Specification Grouper,20250829,rsg,571,73,e94c4073f5c2b0c6
Chagas Disease Reporting Specification Grouper,20260327,rsg,576,73,9217fc144e161f32
Chagas Disease Reporting Specification Grouper,20260731,rsg,576,73,9217fc144e161f32
Chancroid Reporting Specification Grouper,20241008,rsg,408,11,29c55becd2b200cb
Chancroid Reporting Specification Grouper,20250328,rsg,427,11,0e7ce9702fe51971
Chancroid Reporting Specification Grouper,20250829,rsg,427,11,0e7ce9702fe51971
Chancroid Reporting Specification Grouper,20250829,rsg,427,11,0e7ce9702fe51971
Chancroid Reporting Specification Grouper,20250829,rsg,427,11,0e7ce9702fe51971
Chancroid Reporting Specification Grouper,20260327,rsg,429,11,2621f3be2b580aa4
Chancroid Reporting Specification Grouper,20260731,rsg,430,12,0af2369307017670
Chemical Pneumonitis Reporting Specification Grouper,20241008,rsg,14,0,d919dd0cf1a0c0d6
Chemical Pneumonitis Reporting Specification Grouper,20250328,rsg,14,0,d919dd0cf1a0c0d6
Chemical Pneumonitis Reporting Specification Grouper,20250829,rsg,14,14,d919dd0cf1a0c0d6
Chemical Pneumonitis Reporting Specification Grouper,20250829,rsg,14,14,d919dd0cf1a0c0d6
Chemical Pneumonitis Reporting Specification Grouper,20250829,rsg,14,14,d919dd0cf1a0c0d6
Chemical Pneumonitis Reporting Specification Grouper,20250829,rsg,14,14,d919dd0cf1a0c0d6
Chemical Pneumonitis Reporting Specification Grouper,20250829,rsg,14,14,d919dd0cf1a0c0d6
Chemical Pneumonitis Reporting Specification Grouper,20250829,rsg,14,14,d919dd0cf1a0c0d6
Chemical Pneumonitis Reporting Specification Grouper,20260327,rsg,14,14,d919dd0cf1a0c0d6
Chemical Pneumonitis Reporting Specification Grouper,20260327,rsg,14,14,d919dd0cf1a0c0d6
Chemical Pneumonitis Reporting Specification Grouper,20260731,rsg,15,15,e4bba98b85b3b05c
Chemical Pneumonitis Reporting Specification Grouper,20260731,rsg,15,15,e4bba98b85b3b05c
Chikungunya virus disease Reporting Specification Grouper,20241008,rsg,448,33,24992ed8066e72c1
Chikungunya virus disease Reporting Specification Grouper,20250328,rsg,467,33,14dfca0474193bea
Chikungunya virus disease Reporting Specification Grouper,20250829,rsg,470,36,1b93d0714be236d3
Chikungunya virus disease Reporting Specification Grouper,20250829,rsg,470,36,1b93d0714be236d3
Chikungunya virus disease Reporting Specification Grouper,20250829,rsg,470,36,1b93d0714be236d3
Chikungunya virus disease Reporting Specification Grouper,20260327,rsg,473,36,f9f3b04b7b39f0a0
Chikungunya virus disease Reporting Specification Grouper,20260731,rsg,476,39,2cb1efed3c1bea8c
Chlamydia Reporting Specification Grouper,20241008,rsg,665,306,03124569e4730f42
Chlamydia Reporting Specification Grouper,20250328,rsg,665,306,03124569e4730f42
Chlamydia Reporting Specification Grouper,20250829,rsg,672,316,7bfa15a819532e59
Chlamydia Reporting Specification Grouper,20250829,rsg,672,316,7bfa15a819532e59
Chlamydia Reporting Specification Grouper,20250829,rsg,672,316,7bfa15a819532e59
Chlamydia Reporting Specification Grouper,20260327,rsg,674,317,174c7dd741a88abd
Chlamydia Reporting Specification Grouper,20260731,rsg,679,322,0f3432d1f6cc82c0
Chlamydia trachomatis Infection Reporting Specification Grouper,20241008,rsg,760,306,69f34c137ed3ee64
Chlamydia trachomatis Infection Reporting Specification Grouper,20250328,rsg,780,306,d7ccb24df829e673
Chlamydia trachomatis Infection Reporting Specification Grouper,20250829,rsg,790,316,4ef93c85d0b125e6
Chlamydia trachomatis Infection Reporting Specification Grouper,20250829,rsg,790,316,4ef93c85d0b125e6
Chlamydia trachomatis Infection Reporting Specification Grouper,20250829,rsg,790,316,4ef93c85d0b125e6
Chlamydia trachomatis Infection Reporting Specification Grouper,20260327,rsg,794,317,e718c8e2dc1dcdae
Chlamydia trachomatis Infection Reporting Specification Grouper,20260731,rsg,799,322,c76064776aa8ee3e
Chlamydia trachomatis infection Additional Context Clinical Lab Result Codes,4.0.0,acg,3416,0,0e863030761aad06
Chlamydia trachomatis infection Additional Context Clinical Lab Result Codes,5.0.0,acg,3416,0,0e863030761aad06
Chlamydia trachomatis infection Additional Context Clinical Lab Result Codes,6.0.0,acg,3449,0,f3aba778f04fe839
Chlamydia trachomatis infection Additional Context Clinical Lab Result Codes,7.0.0,acg,3449,0,f3aba778f04fe839
Chlamydia trachomatis infection Additional Context Diagnosis Codes,2.0.0,acg,47,35,8a51f5cabbc0a2e5
Chlamydia trachomatis infection Additional Context Diagnosis Codes,3.0.0,acg,47,35,8a51f5cabbc0a2e5
Chlamydia trachomatis infection Additional Context Diagnosis Codes,4.0.0,acg,2073,0,64f601ec2bc90851
Chlamydia trachomatis infection Additional Context Diagnosis Codes,5.0.0,acg,2073,0,64f601ec2bc90851
Chlamydia trachomatis infection Additional Context Diagnosis Codes,6.0.0,acg,2171,0,67ae03dc23361168
Chlamydia trachomatis infection Additional Context Diagnosis Codes,7.0.0,acg,2171,0,67ae03dc23361168
Chlamydia trachomatis infection Additional Context Medication Codes,2.0.0,acg,730,0,4a284298d1e1de09
Chlamydia trachomatis infection Additional Context Medication Codes,3.0.0,acg,730,0,4a284298d1e1de09
Chlamydia trachomatis infection Additional Context Medication Codes,4.0.0,acg,659,0,666aaeaaa25e24e5
Chlamydia trachomatis infection Additional Context Medication Codes,5.0.0,acg,659,0,666aaeaaa25e24e5
Chlamydia trachomatis infection Additional Context Medication Codes,6.0.0,acg,730,0,4a284298d1e1de09
Chlamydia trachomatis infection Additional Context Medication Codes,7.0.0,acg,730,0,4a284298d1e1de09
Chlamydia trachomatis infection Additional Context Specimen Source Codes,2.0.0,acg,7,0,24fcb6b51936231d
Chlamydia trachomatis infection Additional Context Specimen Source Codes,3.0.0,acg,7,0,24fcb6b51936231d
Chlamydia trachomatis infection Additional Context Specimen Source Codes,4.0.0,acg,7,0,24fcb6b51936231d
Chlamydia trachomatis infection Additional Context Specimen Source Codes,5.0.0,acg,7,0,24fcb6b51936231d
Chlamydia trachomatis infection Additional Context Specimen Source Codes,6.0.0,acg,7,0,24fcb6b51936231d
Chlamydia trachomatis infection Additional Context Specimen Source Codes,7.0.0,acg,7,0,24fcb6b51936231d
Chlamydia trachomatis infection Additional Context Symptom Codes,2.0.0,acg,64,0,3f10403e8c63f047
Chlamydia trachomatis infection Additional Context Symptom Codes,3.0.0,acg,64,0,3f10403e8c63f047
Chlamydia trachomatis infection Additional Context Symptom Codes,4.0.0,acg,1334,8,23580c592f4f8f4d
Chlamydia trachomatis infection Additional Context Symptom Codes,5.0.0,acg,1334,8,23580c592f4f8f4d
Chlamydia trachomatis infection Additional Context Symptom Codes,6.0.0,acg,1692,8,841772736e9f4fcf
Chlamydia trachomatis infection Additional Context Symptom Codes,7.0.0,acg,1692,8,841772736e9f4fcf
Choanal Atresia Reporting Specification Grouper,20250328,rsg,11,4,8f196c10140818ec
Choanal Atresia Reporting Specification Grouper,20250829,rsg,11,4,8f196c10140818ec
Choanal Atresia Reporting Specification Grouper,20250829,rsg,11,4,8f196c10140818ec
Choanal Atresia Reporting Specification Grouper,20250829,rsg,11,4,8f196c10140818ec
Choanal Atresia Reporting Specification Grouper,20260327,rsg,11,4,8f196c10140818ec
Choanal Atresia Reporting Specification Grouper,20260731,rsg,5,4,e5751bb4cd5b1dd7
Cholera Additional Context Immunization Codes,2.0.0,acg,12,0,f81e4e35e7a10ebb
Cholera Additional Context Immunization Codes,3.0.0,acg,12,0,f81e4e35e7a10ebb
Cholera Additional Context Immunization Codes,4.0.0,acg,12,0,f81e4e35e7a10ebb
Cholera Additional Context Immunization Codes,5.0.0,acg,12,0,f81e4e35e7a10ebb
Cholera Additional Context Immunization Codes,6.0.0,acg,12,0,f81e4e35e7a10ebb
Cholera Additional Context Immunization Codes,7.0.0,acg,12,0,f81e4e35e7a10ebb
Cholera Additional Context Medication Codes,2.0.0,acg,1251,0,df27b9c61a4fdf22
Cholera Additional Context Medication Codes,3.0.0,acg,1251,0,df27b9c61a4fdf22
Cholera Additional Context Medication Codes,4.0.0,acg,1164,0,ca1d29e028718d49
Cholera Additional Context Medication Codes,5.0.0,acg,1164,0,ca1d29e028718d49
Cholera Additional Context Medication Codes,6.0.0,acg,1251,0,df27b9c61a4fdf22
Cholera Additional Context Medication Codes,7.0.0,acg,1251,0,df27b9c61a4fdf22
Cholera Reporting Specification Grouper,20241008,rsg,476,34,ea9994cbf9d17bae
Cholera Reporting Specification Grouper,20250328,rsg,495,34,e5f5f707e29b88b5
Cholera Reporting Specification Grouper,20250829,rsg,495,34,e5f5f707e29b88b5
Cholera Reporting Specification Grouper,20250829,rsg,495,34,e5f5f707e29b88b5
Cholera Reporting Specification Grouper,20250829,rsg,495,34,e5f5f707e29b88b5
Cholera Reporting Specification Grouper,20260327,rsg,498,34,a19e570e3baeb7e8
Cholera Reporting Specification Grouper,20260731,rsg,502,35,dfd17d9b1e834a6f
Cleft Lip Alone Reporting Specification Grouper,20241008,rsg,36,32,718dbff557fb7a61
Cleft Lip Alone Reporting Specification Grouper,20250328,rsg,37,33,1e261077d1c197e4
Cleft Lip Alone Reporting Specification Grouper,20250829,rsg,37,33,1e261077d1c197e4
Cleft Lip Alone Reporting Specification Grouper,20250829,rsg,37,33,1e261077d1c197e4
Cleft Lip Alone Reporting Specification Grouper,20250829,rsg,37,33,1e261077d1c197e4
Cleft Lip Alone Reporting Specification Grouper,20260327,rsg,37,33,1e261077d1c197e4
Cleft Lip Alone Reporting Specification Grouper,20260731,rsg,35,35,4be46e836f19498a
Cleft Lip with Cleft Palate Reporting Specification Grouper,20241008,rsg,48,39,bbf20977ac62ff36
Cleft Lip with Cleft Palate Reporting Specification Grouper,20250328,rsg,48,39,bbf20977ac62ff36
Cleft Lip with Cleft Palate Reporting Specification Grouper,20250829,rsg,48,39,bbf20977ac62ff36
Cleft Lip with Cleft Palate Reporting Specification Grouper,20250829,rsg,48,39,bbf20977ac62ff36
Cleft Lip with Cleft Palate Reporting Specification Grouper,20250829,rsg,48,39,bbf20977ac62ff36
Cleft Lip with Cleft Palate Reporting Specification Grouper,20260327,rsg,48,39,bbf20977ac62ff36
Cleft Lip with Cleft Palate Reporting Specification Grouper,20260731,rsg,39,39,9ec6a10a8348a28b
Cleft Palate Alone Reporting Specification Grouper,20241008,rsg,56,29,856ddd239048b005
Cleft Palate Alone Reporting Specification Grouper,20250328,rsg,56,29,856ddd239048b005
Cleft Palate Alone Reporting Specification Grouper,20250829,rsg,56,29,856ddd239048b005
Cleft Palate Alone Reporting Specification Grouper,20250829,rsg,56,29,856ddd239048b005
Cleft Palate Alone Reporting Specification Grouper,20250829,rsg,56,29,856ddd239048b005
Cleft Palate Alone Reporting Specification Grouper,20260327,rsg,56,29,856ddd239048b005
Cleft Palate Alone Reporting Specification Grouper,20260731,rsg,33,32,6539fec987237b2f
Cloacal Exstrophy Reporting Specification Grouper,20250328,rsg,2,2,06bc461592fff0bc
Cloacal Exstrophy Reporting Specification Grouper,20250829,rsg,2,2,06bc461592fff0bc
Cloacal Exstrophy Reporting Specification Grouper,20250829,rsg,2,2,06bc461592fff0bc
Cloacal Exstrophy Reporting Specification Grouper,20250829,rsg,2,2,06bc461592fff0bc
Cloacal Exstrophy Reporting Specification Grouper,20260327,rsg,2,2,06bc461592fff0bc
Cloacal Exstrophy Reporting Specification Grouper,20260731,rsg,2,2,06bc461592fff0bc
Clostridioides difficile (C. diff) infection Additional Context Clinical Lab Result Codes,7.0.0,acg,153,0,8bc6d685294b0d75
Clostridioides difficile (C. diff) infection Additional Context Diagnosis Codes,7.0.0,acg,4044,5,583fdb1075fa2bcd
Clostridioides difficile (C. diff) infection Additional Context Medication Codes,7.0.0,acg,10222,0,91a5ce110d799c20
Clostridioides difficile (C. diff) infection Additional Context Symptom Codes,7.0.0,acg,530,0,5acca94d5fd0a4bb
Clostridioides difficile (C. diff) infection Reporting Specification Grouper,20241008,rsg,469,41,b13684d0bc8490b8
Clostridioides difficile (C. diff) infection Reporting Specification Grouper,20250328,rsg,489,42,034187ae920db4e7
Clostridioides difficile (C. diff) infection Reporting Specification Grouper,20250829,rsg,492,45,95923cdaf193331d
Clostridioides difficile (C. diff) infection Reporting Specification Grouper,20250829,rsg,492,45,95923cdaf193331d
Clostridioides difficile (C. diff) infection Reporting Specification Grouper,20250829,rsg,492,45,95923cdaf193331d
Clostridioides difficile (C. diff) infection Reporting Specification Grouper,20260327,rsg,495,45,3581541070190489
Clostridioides difficile (C. diff) infection Reporting Specification Grouper,20260731,rsg,495,45,3581541070190489
Clostridium perfringens Infection Reporting Specification Grouper,20241008,rsg,491,36,91b41c468defc947
Clostridium perfringens Infection Reporting Specification Grouper,20250328,rsg,510,36,b538d7e8fbdfa258
Clostridium perfringens Infection Reporting Specification Grouper,20250829,rsg,511,36,fd912a792cf7d204
Clostridium perfringens Infection Reporting Specification Grouper,20250829,rsg,511,36,fd912a792cf7d204
Clostridium perfringens Infection Reporting Specification Grouper,20250829,rsg,511,36,fd912a792cf7d204
Clostridium perfringens Infection Reporting Specification Grouper,20260327,rsg,513,36,9d96523986160aaa
Clostridium perfringens Infection Reporting Specification Grouper,20260731,rsg,514,37,9879d6fa6eea60a7
Clubfoot Reporting Specification Grouper,20250829,rsg,8,8,50a08a2fccb074cf
Clubfoot Reporting Specification Grouper,20250829,rsg,8,8,50a08a2fccb074cf
Clubfoot Reporting Specification Grouper,20250829,rsg,8,8,50a08a2fccb074cf
Clubfoot Reporting Specification Grouper,20260327,rsg,8,8,50a08a2fccb074cf
Clubfoot Reporting Specification Grouper,20260731,rsg,8,8,50a08a2fccb074cf
Coal Workers' Pneumoconiosis (CWP) Reporting Specification Grouper,20250829,rsg,129,126,27484c326f41a098
Coal Workers' Pneumoconiosis (CWP) Reporting Specification Grouper,20250829,rsg,129,126,27484c326f41a098
Coal Workers' Pneumoconiosis (CWP) Reporting Specification Grouper,20250829,rsg,129,126,27484c326f41a098
Coal Workers' Pneumoconiosis (CWP) Reporting Specification Grouper,20260327,rsg,129,126,27484c326f41a098
Coal Workers' Pneumoconiosis (CWP) Reporting Specification Grouper,20260731,rsg,130,130,8231b2e0e8596acf
Coal Workers’ Pneumoconiosis (CWP) Reporting Specification Grouper,20241008,rsg,128,125,2474568b771e8846
Coal Workers’ Pneumoconiosis (CWP) Reporting Specification Grouper,20250328,rsg,128,125,2474568b771e8846
Coarctation of the Aorta Reporting Specification Grouper,20241008,rsg,19,11,c00d6952ba44926d
Coarctation of the Aorta Reporting Specification Grouper,20250328,rsg,19,11,c00d6952ba44926d
Coarctation of the Aorta Reporting Specification Grouper,20250829,rsg,20,11,1f18b8381a8d39ce
Coarctation of the Aorta Reporting Specification Grouper,20250829,rsg,20,11,1f18b8381a8d39ce
Coarctation of the Aorta Reporting Specification Grouper,20250829,rsg,20,11,1f18b8381a8d39ce
Coarctation of the Aorta Reporting Specification Grouper,20260327,rsg,20,11,1f18b8381a8d39ce
Coarctation of the Aorta Reporting Specification Grouper,20260731,rsg,11,11,afe6575216a954d4
Coccidioidomycosis Reporting Specification Grouper,20241008,rsg,2800,107,2385f22c84cd6ea9
Coccidioidomycosis Reporting Specification Grouper,20250328,rsg,2830,108,36b7e826173d4e39
Coccidioidomycosis Reporting Specification Grouper,20250829,rsg,2846,108,43a3e23ebd10e6dc
Coccidioidomycosis Reporting Specification Grouper,20250829,rsg,2846,108,43a3e23ebd10e6dc
Coccidioidomycosis Reporting Specification Grouper,20250829,rsg,2846,108,43a3e23ebd10e6dc
Coccidioidomycosis Reporting Specification Grouper,20260327,rsg,2864,108,8c161f58d5313401
Coccidioidomycosis Reporting Specification Grouper,20260731,rsg,2864,108,8c161f58d5313401
Coccidiomycosis Additional Context Clinical Lab Result Codes,7.0.0,acg,722,0,9f59fc00b4a936a4
Coccidiomycosis Additional Context Diagnosis Codes,7.0.0,acg,9381,4,b10ab5848a35bf86
Coccidiomycosis Additional Context Medication Codes,7.0.0,acg,6385,0,65fea333defff7a3
Coccidiomycosis Additional Context Symptom Codes,7.0.0,acg,3096,2,6c74deefc77ca4e0
Colorado tick fever Reporting Specification Grouper,20241008,rsg,73,22,9c758fa335460960
Colorado tick fever Reporting Specification Grouper,20250328,rsg,73,22,9c758fa335460960
Colorado tick fever Reporting Specification Grouper,20250829,rsg,73,22,9c758fa335460960
Colorado tick fever Reporting Specification Grouper,20250829,rsg,73,22,9c758fa335460960
Colorado tick fever Reporting Specification Grouper,20250829,rsg,73,22,9c758fa335460960
Colorado tick fever Reporting Specification Grouper,20260327,rsg,74,22,6fe4582ef97f29d5
Colorado tick fever Reporting Specification Grouper,20260731,rsg,74,22,6fe4582ef97f29d5
Congenital Posterior Urethral Valves Reporting Specification Grouper,20250328,rsg,2,2,7d8f45c4151f1cbc
Congenital Posterior Urethral Valves Reporting Specification Grouper,20250829,rsg,2,2,7d8f45c4151f1cbc
Congenital Posterior Urethral Valves Reporting Specification Grouper,20250829,rsg,2,2,7d8f45c4151f1cbc
Congenital Posterior Urethral Valves Reporting Specification Grouper,20250829,rsg,2,2,7d8f45c4151f1cbc
Congenital Posterior Urethral Valves Reporting Specification Grouper,20260327,rsg,2,2,7d8f45c4151f1cbc
Congenital Posterior Urethral Valves Reporting Specification Grouper,20260731,rsg,2,2,7d8f45c4151f1cbc
Congenital Rubella Syndrome (CRS) Reporting Specification Grouper,20241008,rsg,1732,61,6cec3fe568e34741
Congenital Rubella Syndrome (CRS) Reporting Specification Grouper,20250328,rsg,1790,61,e6335ffc2dbb629a
Congenital Rubella Syndrome (CRS) Reporting Specification Grouper,20250829,rsg,1791,62,eab36b3f8bf87fb7
Congenital Rubella Syndrome (CRS) Reporting Specification Grouper,20250829,rsg,1791,62,eab36b3f8bf87fb7
Congenital Rubella Syndrome (CRS) Reporting Specification Grouper,20250829,rsg,1791,62,eab36b3f8bf87fb7
Congenital Rubella Syndrome (CRS) Reporting Specification Grouper,20260327,rsg,1955,63,14db78b34c3883b3
Congenital Rubella Syndrome (CRS) Reporting Specification Grouper,20260731,rsg,1948,67,6a1ade96442aa003
Congenital cytomegalovirus (cCMV) infection and disease Reporting Specification Grouper,20241008,rsg,738,135,7d802a35858c08d5
Congenital cytomegalovirus (cCMV) infection and disease Reporting Specification Grouper,20250328,rsg,833,211,b3e134d557e69ef4
Congenital cytomegalovirus (cCMV) infection and disease Reporting Specification Grouper,20250829,rsg,834,211,9f62ec01db35d4f1
Congenital cytomegalovirus (cCMV) infection and disease Reporting Specification Grouper,20250829,rsg,834,211,9f62ec01db35d4f1
Congenital cytomegalovirus (cCMV) infection and disease Reporting Specification Grouper,20250829,rsg,834,211,9f62ec01db35d4f1
Congenital cytomegalovirus (cCMV) infection and disease Reporting Specification Grouper,20260327,rsg,837,211,183900bb1cf48f33
Congenital cytomegalovirus (cCMV) infection and disease Reporting Specification Grouper,20260731,rsg,837,211,183900bb1cf48f33
Creutzfeldt-Jakob Disease (CJD) and Variant Creutzfeldt-Jakob Disease (vCJD) Reporting Specification Grouper,20241008,rsg,71,36,5842135e38596d15
Creutzfeldt-Jakob Disease (CJD) and Variant Creutzfeldt-Jakob Disease (vCJD) Reporting Specification Grouper,20250328,rsg,71,36,5842135e38596d15
Creutzfeldt-Jakob Disease (CJD) and Variant Creutzfeldt-Jakob Disease (vCJD) Reporting Specification Grouper,20250829,rsg,71,36,5842135e38596d15
Creutzfeldt-Jakob Disease (CJD) and Variant Creutzfeldt-Jakob Disease (vCJD) Reporting Specification Grouper,20250829,rsg,71,36,5842135e38596d15
Creutzfeldt-Jakob Disease (CJD) and Variant Creutzfeldt-Jakob Disease (vCJD) Reporting Specification Grouper,20250829,rsg,71,36,5842135e38596d15
Creutzfeldt-Jakob Disease (CJD) and Variant Creutzfeldt-Jakob Disease (vCJD) Reporting Specification Grouper,20260327,rsg,71,36,5842135e38596d15
Creutzfeldt-Jakob Disease (CJD) and Variant Creutzfeldt-Jakob Disease (vCJD) Reporting Specification Grouper,20260731,rsg,71,36,5842135e38596d15
Cryptococcosis Reporting Specification Grouper,20241008,rsg,937,86,14c861ab8eeb4d1b
Cryptococcosis Reporting Specification Grouper,20250328,rsg,959,89,0b68d540071c4517
Cryptococcosis Reporting Specification Grouper,20250829,rsg,959,89,0b68d540071c4517
Cryptococcosis Reporting Specification Grouper,20250829,rsg,959,89,0b68d540071c4517
Cryptococcosis Reporting Specification Grouper,20250829,rsg,959,89,0b68d540071c4517
Cryptococcosis Reporting Specification Grouper,20260327,rsg,965,89,b3c8f881122fe457
Cryptococcosis Reporting Specification Grouper,20260731,rsg,965,89,b3c8f881122fe457
Cryptosporidiosis Additional Context Clinical Lab Result Codes,7.0.0,acg,2,0,d4065100b7db84b9
Cryptosporidiosis Additional Context Diagnosis Codes,7.0.0,acg,2813,0,5d105b19ded64c72
Cryptosporidiosis Additional Context Medication Codes,7.0.0,acg,6977,0,fa7766b615f03f9c
Cryptosporidiosis Additional Context Symptom Codes,2.0.0,acg,54,0,039f1bd75f44ac58
Cryptosporidiosis Additional Context Symptom Codes,3.0.0,acg,54,0,039f1bd75f44ac58
Cryptosporidiosis Additional Context Symptom Codes,4.0.0,acg,53,0,277df0d196cbaeb6
Cryptosporidiosis Additional Context Symptom Codes,5.0.0,acg,53,0,277df0d196cbaeb6
Cryptosporidiosis Additional Context Symptom Codes,6.0.0,acg,54,0,039f1bd75f44ac58
Cryptosporidiosis Additional Context Symptom Codes,7.0.0,acg,339,0,cb81c48ea3f15b6f
Cryptosporidiosis Reporting Specification Grouper,20241008,rsg,665,76,f4b05c46afed2988
Cryptosporidiosis Reporting Specification Grouper,20250328,rsg,669,76,e9778ae1f90f2dae
Cryptosporidiosis Reporting Specification Grouper,20250829,rsg,679,86,e9ff7838638cb0d4
Cryptosporidiosis Reporting Specification Grouper,20250829,rsg,679,86,e9ff7838638cb0d4
Cryptosporidiosis Reporting Specification Grouper,20250829,rsg,679,86,e9ff7838638cb0d4
Cryptosporidiosis Reporting Specification Grouper,20260327,rsg,684,86,d8912c536be1e57d
Cryptosporidiosis Reporting Specification Grouper,20260731,rsg,688,90,235f8364ae8c6c51
Cyanobacteria and Cyanotoxin Poisoning Reporting Specification Grouper,20241008,rsg,567,3,0ec8e9b470970278
Cyanobacteria and Cyanotoxin Poisoning Reporting Specification Grouper,20250328,rsg,572,3,47b6963f33a41f6b
Cyanobacteria and Cyanotoxin Poisoning Reporting Specification Grouper,20250829,rsg,588,3,0eb0e386b59dc476
Cyanobacteria and Cyanotoxin Poisoning Reporting Specification Grouper,20250829,rsg,588,3,0eb0e386b59dc476
Cyanobacteria and Cyanotoxin Poisoning Reporting Specification Grouper,20250829,rsg,588,3,0eb0e386b59dc476
Cyanobacteria and Cyanotoxin Poisoning Reporting Specification Grouper,20260327,rsg,617,3,0658d9032493984f
Cyanobacteria and Cyanotoxin Poisoning Reporting Specification Grouper,20260731,rsg,617,3,0658d9032493984f
Cyclosporiasis Additional Context Symptom Codes,2.0.0,acg,11,0,91d9cd7b2d612f0b
Cyclosporiasis Additional Context Symptom Codes,3.0.0,acg,11,0,91d9cd7b2d612f0b
Cyclosporiasis Additional Context Symptom Codes,4.0.0,acg,11,0,91d9cd7b2d612f0b
Cyclosporiasis Additional Context Symptom Codes,5.0.0,acg,11,0,91d9cd7b2d612f0b
Cyclosporiasis Additional Context Symptom Codes,6.0.0,acg,11,0,91d9cd7b2d612f0b
Cyclosporiasis Additional Context Symptom Codes,7.0.0,acg,11,0,91d9cd7b2d612f0b
Cyclosporiasis Reporting Specification Grouper,20241008,rsg,619,19,84ec2edd9b3db2c0
Cyclosporiasis Reporting Specification Grouper,20250328,rsg,624,20,2ca135a4bf23fa19
Cyclosporiasis Reporting Specification Grouper,20250829,rsg,624,20,2ca135a4bf23fa19
Cyclosporiasis Reporting Specification Grouper,20250829,rsg,624,20,2ca135a4bf23fa19
Cyclosporiasis Reporting Specification Grouper,20250829,rsg,624,20,2ca135a4bf23fa19
Cyclosporiasis Reporting Specification Grouper,20260327,rsg,629,20,d6bca9be56df3fac
Cyclosporiasis Reporting Specification Grouper,20260731,rsg,629,20,d6bca9be56df3fac
Cystic Fibrosis Reporting Specification Grouper,20250829,rsg,96,48,d9536aee3131c9d7
Cystic Fibrosis Reporting Specification Grouper,20250829,rsg,96,48,d9536aee3131c9d7
Cystic Fibrosis Reporting Specification Grouper,20250829,rsg,96,48,d9536aee3131c9d7
Cystic Fibrosis Reporting Specification Grouper,20260327,rsg,96,48,d9536aee3131c9d7
Cystic Fibrosis Reporting Specification Grouper,20260731,rsg,96,48,d9536aee3131c9d7
Cysticercosis Reporting Specification Grouper,20241008,rsg,765,75,57b2ec0fd368786d
Cysticercosis Reporting Specification Grouper,20250328,rsg,766,75,71d5ecae3f36ea1a
Cysticercosis Reporting Specification Grouper,20250829,rsg,766,75,2fdaf3930f3d04f3
Cysticercosis Reporting Specification Grouper,20250829,rsg,766,75,2fdaf3930f3d04f3
Cysticercosis Reporting Specification Grouper,20250829,rsg,766,75,2fdaf3930f3d04f3
Cysticercosis Reporting Specification Grouper,20260327,rsg,771,75,31ec393f70e0427a
Cysticercosis Reporting Specification Grouper,20260731,rsg,771,75,31ec393f70e0427a
Dengue Virus Infection Additional Context Clinical Lab Result Codes,2.0.0,acg,5,0,6d1454e933a9c4a6
Dengue Virus Infection Additional Context Clinical Lab Result Codes,3.0.0,acg,5,0,6d1454e933a9c4a6
Dengue Virus Infection Additional Context Clinical Lab Result Codes,4.0.0,acg,5,0,6d1454e933a9c4a6
Dengue Virus Infection Additional Context Clinical Lab Result Codes,5.0.0,acg,5,0,6d1454e933a9c4a6
Dengue Virus Infection Additional Context Clinical Lab Result Codes,6.0.0,acg,5,0,6d1454e933a9c4a6
Dengue Virus Infection Additional Context Clinical Lab Result Codes,7.0.0,acg,5,0,6d1454e933a9c4a6
Dengue Virus Infection Reporting Specification Grouper,20241008,rsg,624,111,585f7d94c5593419
Dengue Virus Infection Reporting Specification Grouper,20250328,rsg,646,114,29ec638aa59762b6
Dengue Virus Infection Reporting Specification Grouper,20250829,rsg,646,114,29ec638aa59762b6
Dengue Virus Infection Reporting Specification Grouper,20250829,rsg,646,114,29ec638aa59762b6
Dengue Virus Infection Reporting Specification Grouper,20250829,rsg,646,114,29ec638aa59762b6
Dengue Virus Infection Reporting Specification Grouper,20260327,rsg,676,118,e5ae3f19a447aafb
Dengue Virus Infection Reporting Specification Grouper,20260731,rsg,676,118,e5ae3f19a447aafb
Diaphragmatic Hernia Reporting Specification Grouper,20250829,rsg,12,11,5943ec6be011d102
Diaphragmatic Hernia Reporting Specification Grouper,20250829,rsg,12,11,5943ec6be011d102
Diaphragmatic Hernia Reporting Specification Grouper,20250829,rsg,12,11,5943ec6be011d102
Diaphragmatic Hernia Reporting Specification Grouper,20260327,rsg,12,11,5943ec6be011d102
Diaphragmatic Hernia Reporting Specification Grouper,20260731,rsg,18,18,9d2db0a839f366c1
Diphtheria Additional Context Immunization Codes,2.0.0,acg,200,0,1e55438bfcc8be23
Diphtheria Additional Context Immunization Codes,3.0.0,acg,200,0,1e55438bfcc8be23
Diphtheria Additional Context Immunization Codes,4.0.0,acg,170,0,8b0362b10572cb2e
Diphtheria Additional Context Immunization Codes,5.0.0,acg,170,0,8b0362b10572cb2e
Diphtheria Additional Context Immunization Codes,6.0.0,acg,200,0,1e55438bfcc8be23
Diphtheria Additional Context Immunization Codes,7.0.0,acg,200,0,1e55438bfcc8be23
Diphtheria Additional Context Medication Codes,2.0.0,acg,1267,0,78f0e79a73ed1300
Diphtheria Additional Context Medication Codes,3.0.0,acg,1267,0,78f0e79a73ed1300
Diphtheria Additional Context Medication Codes,4.0.0,acg,1176,0,d8125b49c779f33b
Diphtheria Additional Context Medication Codes,5.0.0,acg,1176,0,d8125b49c779f33b
Diphtheria Additional Context Medication Codes,6.0.0,acg,1267,0,78f0e79a73ed1300
Diphtheria Additional Context Medication Codes,7.0.0,acg,1267,0,78f0e79a73ed1300
Diphtheria Reporting Specification Grouper,20241008,rsg,566,68,b34785fd412ab08e
Diphtheria Reporting Specification Grouper,20241008,rsg,468,66,132ca4bcb6faab88
Diphtheria Reporting Specification Grouper,20250328,rsg,585,68,9b373c156d97c365
Diphtheria Reporting Specification Grouper,20250328,rsg,468,66,132ca4bcb6faab88
Diphtheria Reporting Specification Grouper,20250829,rsg,474,67,badbce40be4cef9b
Diphtheria Reporting Specification Grouper,20250829,rsg,591,69,e03fa9a606745e61
Diphtheria Reporting Specification Grouper,20250829,rsg,474,67,badbce40be4cef9b
Diphtheria Reporting Specification Grouper,20250829,rsg,591,69,e03fa9a606745e61
Diphtheria Reporting Specification Grouper,20250829,rsg,474,67,badbce40be4cef9b
Diphtheria Reporting Specification Grouper,20250829,rsg,591,69,e03fa9a606745e61
Diphtheria Reporting Specification Grouper,20260327,rsg,475,67,0db8b18cb7439bbe
Diphtheria Reporting Specification Grouper,20260327,rsg,594,69,bb1b25cc7e88ec0e
Diphtheria Reporting Specification Grouper,20260731,rsg,477,69,f2031e0377839f40
Diphtheria Reporting Specification Grouper,20260731,rsg,596,71,514934ab82796b1c
Diphyllobothriasis Reporting Specification Grouper,20241008,rsg,482,25,35a3e3770e4d6305
Diphyllobothriasis Reporting Specification Grouper,20250328,rsg,486,25,b0af7a8b7d635c63
Diphyllobothriasis Reporting Specification Grouper,20250829,rsg,486,25,b0af7a8b7d635c63
Diphyllobothriasis Reporting Specification Grouper,20250829,rsg,486,25,b0af7a8b7d635c63
Diphyllobothriasis Reporting Specification Grouper,20250829,rsg,486,25,b0af7a8b7d635c63
Diphyllobothriasis Reporting Specification Grouper,20260327,rsg,490,25,b22c48e54aa20980
Diphyllobothriasis Reporting Specification Grouper,20260731,rsg,490,25,b22c48e54aa20980
Double Outlet Right Ventricle (DORV) Reporting Specification Grouper,20241008,rsg,12,12,c7f5ef1f200203c1
Double Outlet Right Ventricle (DORV) Reporting Specification Grouper,20250328,rsg,12,12,c7f5ef1f200203c1
Double Outlet Right Ventricle (DORV) Reporting Specification Grouper,20250829,rsg,12,12,c7f5ef1f200203c1
Double Outlet Right Ventricle (DORV) Reporting Specification Grouper,20250829,rsg,12,12,c7f5ef1f200203c1
Double Outlet Right Ventricle (DORV) Reporting Specification Grouper,20250829,rsg,12,12,c7f5ef1f200203c1
Double Outlet Right Ventricle (DORV) Reporting Specification Grouper,20260327,rsg,12,12,c7f5ef1f200203c1
Double Outlet Right Ventricle (DORV) Reporting Specification Grouper,20260731,rsg,12,12,c7f5ef1f200203c1
Down Syndrome Reporting Specification Grouper,20241008,rsg,454,13,ccd1928f3e7364b5
Down Syndrome Reporting Specification Grouper,20250328,rsg,454,13,ccd1928f3e7364b5
Down Syndrome Reporting Specification Grouper,20250829,rsg,594,20,fbe40c927b88de3b
Down Syndrome Reporting Specification Grouper,20250829,rsg,594,20,fbe40c927b88de3b
Down Syndrome Reporting Specification Grouper,20250829,rsg,594,20,fbe40c927b88de3b
Down Syndrome Reporting Specification Grouper,20260327,rsg,594,20,fbe40c927b88de3b
Down Syndrome Reporting Specification Grouper,20260731,rsg,596,23,b68baa8e9fea364b
Drowning and Submersion Reporting Specification Grouper,20241008,rsg,481,481,46fc92f391337e08
Drowning and Submersion Reporting Specification Grouper,20250328,rsg,481,481,46fc92f391337e08
Drowning and Submersion Reporting Specification Grouper,20250829,rsg,481,481,46fc92f391337e08
Drowning and Submersion Reporting Specification Grouper,20250829,rsg,481,481,46fc92f391337e08
Drowning and Submersion Reporting Specification Grouper,20250829,rsg,481,481,46fc92f391337e08
Drowning and Submersion Reporting Specification Grouper,20260327,rsg,481,481,46fc92f391337e08
Drowning and Submersion Reporting Specification Grouper,20260731,rsg,484,484,35283e014a1e773e
"Drug Overdose and Poisoning, Non-opioid Reporting Specification Grouper",20241008,rsg,1575,1035,31815691ded511bb
"Drug Overdose and Poisoning, Non-opioid Reporting Specification Grouper",20250328,rsg,1582,1042,4c6decea301779f6
"Drug Overdose and Poisoning, Non-opioid Reporting Specification Grouper",20250829,rsg,1582,1042,4c6decea301779f6
"Drug Overdose and Poisoning, Non-opioid Reporting Specification Grouper",20250829,rsg,1582,1042,4c6decea301779f6
"Drug Overdose and Poisoning, Non-opioid Reporting Specification Grouper",20250829,rsg,1582,1042,4c6decea301779f6
"Drug Overdose and Poisoning, Non-opioid Reporting Specification Grouper",20260327,rsg,1764,1042,08f224fdbb99b999
"Drug Overdose and Poisoning, Non-opioid Reporting Specification Grouper",20260731,rsg,1764,1042,08f224fdbb99b999
Eastern equine encephalitis virus disease Additional Context Symptom Codes,2.0.0,acg,35,0,106c5c1e5aeeb062
Eastern equine encephalitis virus disease Additional Context Symptom Codes,3.0.0,acg,35,0,106c5c1e5aeeb062
Eastern equine encephalitis virus disease Additional Context Symptom Codes,4.0.0,acg,35,0,106c5c1e5aeeb062
Eastern equine encephalitis virus disease Additional Context Symptom Codes,5.0.0,acg,35,0,106c5c1e5aeeb062
Eastern equine encephalitis virus disease Additional Context Symptom Codes,6.0.0,acg,35,0,106c5c1e5aeeb062
Eastern equine encephalitis virus disease Additional Context Symptom Codes,7.0.0,acg,35,0,106c5c1e5aeeb062
Eastern equine encephalitis virus disease Reporting Specification Grouper,20241008,rsg,493,78,27441ffb718ef618
Eastern equine encephalitis virus disease Reporting Specification Grouper,20250328,rsg,512,78,5236999bc0a185b7
Eastern equine encephalitis virus disease Reporting Specification Grouper,20250829,rsg,512,78,5236999bc0a185b7
Eastern equine encephalitis virus disease Reporting Specification Grouper,20250829,rsg,512,78,5236999bc0a185b7
Eastern equine encephalitis virus disease Reporting Specification Grouper,20250829,rsg,512,78,5236999bc0a185b7
Eastern equine encephalitis virus disease Reporting Specification Grouper,20260327,rsg,515,78,502598694532d427
Eastern equine encephalitis virus disease Reporting Specification Grouper,20260731,rsg,515,78,502598694532d427
Ebstein Anomaly Reporting Specification Grouper,20241008,rsg,6,6,f809d4575ed02dc2
Ebstein Anomaly Reporting Specification Grouper,20250328,rsg,6,6,f809d4575ed02dc2
Ebstein Anomaly Reporting Specification Grouper,20250829,rsg,6,6,f809d4575ed02dc2
Ebstein Anomaly Reporting Specification Grouper,20250829,rsg,6,6,f809d4575ed02dc2
Ebstein Anomaly Reporting Specification Grouper,20250829,rsg,6,6,f809d4575ed02dc2
Ebstein Anomaly Reporting Specification Grouper,20260327,rsg,6,6,f809d4575ed02dc2
Ebstein Anomaly Reporting Specification Grouper,20260731,rsg,9,9,d247f99b1ca80513
Echinococcosis Reporting Specification Grouper,20241008,rsg,570,92,df4b4a707f6298f2
Echinococcosis Reporting Specification Grouper,20250328,rsg,574,92,dd4bd8cb5dfb9e63
Echinococcosis Reporting Specification Grouper,20250829,rsg,574,92,dd4bd8cb5dfb9e63
Echinococcosis Reporting Specification Grouper,20250829,rsg,574,92,dd4bd8cb5dfb9e63
Echinococcosis Reporting Specification Grouper,20250829,rsg,574,92,dd4bd8cb5dfb9e63
Echinococcosis Reporting Specification Grouper,20260327,rsg,578,92,a151ba92325901f5
Echinococcosis Reporting Specification Grouper,20260731,rsg,578,92,a151ba92325901f5
Ehrlichiosis Additional Context Clinical Lab Result Codes,2.0.0,acg,7,0,57ae0449fb0ab1f1
Ehrlichiosis Additional Context Clinical Lab Result Codes,3.0.0,acg,7,0,57ae0449fb0ab1f1
Ehrlichiosis Additional Context Clinical Lab Result Codes,4.0.0,acg,7,0,57ae0449fb0ab1f1
Ehrlichiosis Additional Context Clinical Lab Result Codes,5.0.0,acg,7,0,57ae0449fb0ab1f1
Ehrlichiosis Additional Context Clinical Lab Result Codes,6.0.0,acg,7,0,57ae0449fb0ab1f1
Ehrlichiosis Additional Context Clinical Lab Result Codes,7.0.0,acg,7,0,57ae0449fb0ab1f1
Ehrlichiosis Additional Context Medication Codes,2.0.0,acg,556,0,2d24f2c9e91aa402
Ehrlichiosis Additional Context Medication Codes,3.0.0,acg,556,0,2d24f2c9e91aa402
Ehrlichiosis Additional Context Medication Codes,4.0.0,acg,512,0,5e70c0827843361d
Ehrlichiosis Additional Context Medication Codes,5.0.0,acg,512,0,5e70c0827843361d
Ehrlichiosis Additional Context Medication Codes,6.0.0,acg,556,0,2d24f2c9e91aa402
Ehrlichiosis Additional Context Medication Codes,7.0.0,acg,556,0,2d24f2c9e91aa402
Ehrlichiosis Additional Context Symptom Codes,2.0.0,acg,62,0,fe5edc0fa42ed837
Ehrlichiosis Additional Context Symptom Codes,3.0.0,acg,62,0,fe5edc0fa42ed837
Ehrlichiosis Additional Context Symptom Codes,4.0.0,acg,60,0,e74166ad3a4170cf
Ehrlichiosis Additional Context Symptom Codes,5.0.0,acg,60,0,e74166ad3a4170cf
Ehrlichiosis Additional Context Symptom Codes,6.0.0,acg,62,0,fe5edc0fa42ed837
Ehrlichiosis Additional Context Symptom Codes,7.0.0,acg,62,0,fe5edc0fa42ed837
Ehrlichiosis Reporting Specification Grouper,20241008,rsg,943,47,5e08bbf189aa517e
Ehrlichiosis Reporting Specification Grouper,20250328,rsg,964,47,2af4b33c1d588bf3
Ehrlichiosis Reporting Specification Grouper,20250829,rsg,964,47,2af4b33c1d588bf3
Ehrlichiosis Reporting Specification Grouper,20250829,rsg,964,47,2af4b33c1d588bf3
Ehrlichiosis Reporting Specification Grouper,20250829,rsg,964,47,2af4b33c1d588bf3
Ehrlichiosis Reporting Specification Grouper,20260327,rsg,970,47,af90126e09e28d13
Ehrlichiosis Reporting Specification Grouper,20260731,rsg,970,47,af90126e09e28d13
Encephalitis Reporting Specification Grouper,20241008,rsg,3186,2071,e391eaae9f89dd53
Encephalitis Reporting Specification Grouper,20250328,rsg,3201,2071,bff59d58b51fe7e2
Encephalitis Reporting Specification Grouper,20250829,rsg,3230,2099,6726e5b0839b369c
Encephalitis Reporting Specification Grouper,20250829,rsg,3230,2099,6726e5b0839b369c
Encephalitis Reporting Specification Grouper,20250829,rsg,3230,2099,6726e5b0839b369c
Encephalitis Reporting Specification Grouper,20260327,rsg,3237,2099,c02ec0510bd4318e
Encephalitis Reporting Specification Grouper,20260731,rsg,3261,2123,f2a1d372dd421fb1
Encephalocele Reporting Specification Grouper,20250328,rsg,31,30,67a046ea5be4937f
Encephalocele Reporting Specification Grouper,20250829,rsg,30,30,2dd07540341606d2
Encephalocele Reporting Specification Grouper,20250829,rsg,30,30,2dd07540341606d2
Encephalocele Reporting Specification Grouper,20250829,rsg,30,30,2dd07540341606d2
Encephalocele Reporting Specification Grouper,20260327,rsg,30,30,2dd07540341606d2
Encephalocele Reporting Specification Grouper,20260731,rsg,33,33,2a9c583753d910fd
Escherichia coli Infection Additional Context Clinical Lab Result Codes,6.0.0,acg,26,0,dcfb27392f77460f
Escherichia coli Infection Additional Context Clinical Lab Result Codes,7.0.0,acg,26,0,dcfb27392f77460f
Escherichia coli Infection Additional Context Diagnosis Codes,6.0.0,acg,687,0,ca7f7d8872956c92
Escherichia coli Infection Additional Context Diagnosis Codes,7.0.0,acg,687,0,ca7f7d8872956c92
Escherichia coli Infection Additional Context Medication Codes,6.0.0,acg,3388,0,3d625c5898592063
Escherichia coli Infection Additional Context Medication Codes,7.0.0,acg,3388,0,3d625c5898592063
Escherichia coli Infection Additional Context Specimen Source Codes,2.0.0,acg,2,0,4afb3ce7ed7cd1cc
Escherichia coli Infection Additional Context Specimen Source Codes,3.0.0,acg,2,0,4afb3ce7ed7cd1cc
Escherichia coli Infection Additional Context Specimen Source Codes,4.0.0,acg,2,0,4afb3ce7ed7cd1cc
Escherichia coli Infection Additional Context Specimen Source Codes,5.0.0,acg,2,0,4afb3ce7ed7cd1cc
Escherichia coli Infection Additional Context Specimen Source Codes,6.0.0,acg,2,0,4afb3ce7ed7cd1cc
Escherichia coli Infection Additional Context Specimen Source Codes,7.0.0,acg,2,0,4afb3ce7ed7cd1cc
Escherichia coli Infection Additional Context Symptom Codes,2.0.0,acg,47,0,47466b4b4a3cc6fe
Escherichia coli Infection Additional Context Symptom Codes,3.0.0,acg,47,0,47466b4b4a3cc6fe
Escherichia coli Infection Additional Context Symptom Codes,4.0.0,acg,46,0,b87c43d8549413bb
Escherichia coli Infection Additional Context Symptom Codes,5.0.0,acg,46,0,b87c43d8549413bb
Escherichia coli Infection Additional Context Symptom Codes,6.0.0,acg,916,15,f76ec3e231ace3f5
Escherichia coli Infection Additional Context Symptom Codes,7.0.0,acg,916,15,f76ec3e231ace3f5
Esophageal Atresia/Tracheoesophageal Fistula Reporting Specification Grouper,20250829,rsg,26,26,efc8497826a3dc5a
Esophageal Atresia/Tracheoesophageal Fistula Reporting Specification Grouper,20250829,rsg,26,26,efc8497826a3dc5a
Esophageal Atresia/Tracheoesophageal Fistula Reporting Specification Grouper,20250829,rsg,26,26,efc8497826a3dc5a
Esophageal Atresia/Tracheoesophageal Fistula Reporting Specification Grouper,20260327,rsg,26,26,efc8497826a3dc5a
Esophageal Atresia/Tracheoesophageal Fistula Reporting Specification Grouper,20260731,rsg,26,26,efc8497826a3dc5a
Farmer's Lung Reporting Specification Grouper,20250829,rsg,213,2,f19d7e94e6248a21
Farmer's Lung Reporting Specification Grouper,20250829,rsg,213,2,f19d7e94e6248a21
Farmer's Lung Reporting Specification Grouper,20250829,rsg,213,2,f19d7e94e6248a21
Farmer's Lung Reporting Specification Grouper,20260327,rsg,213,2,f19d7e94e6248a21
Farmer's Lung Reporting Specification Grouper,20260731,rsg,214,2,faf8cb78486a8c5e
Farmer’s Lung Reporting Specification Grouper,20241008,rsg,202,2,64d339962ec3e608
Farmer’s Lung Reporting Specification Grouper,20250328,rsg,202,2,64d339962ec3e608
Fetal Alcohol Spectrum Disorders Reporting Specification Grouper,20250829,rsg,67,4,7fa58efbba2fdf7d
Fetal Alcohol Spectrum Disorders Reporting Specification Grouper,20250829,rsg,67,4,7fa58efbba2fdf7d
Fetal Alcohol Spectrum Disorders Reporting Specification Grouper,20250829,rsg,67,4,7fa58efbba2fdf7d
Fetal Alcohol Spectrum Disorders Reporting Specification Grouper,20260327,rsg,67,4,7fa58efbba2fdf7d
Fetal Alcohol Spectrum Disorders Reporting Specification Grouper,20260731,rsg,70,7,1b2df36aa5daf05f
Firearm-related injury Reporting Specification Grouper,20250328,rsg,233,140,f173d1078007fced
Firearm-related injury Reporting Specification Grouper,20250829,rsg,237,144,738a7411d5c16980
Firearm-related injury Reporting Specification Grouper,20250829,rsg,237,144,738a7411d5c16980
Firearm-related injury Reporting Specification Grouper,20250829,rsg,237,144,738a7411d5c16980
Firearm-related injury Reporting Specification Grouper,20260327,rsg,237,144,738a7411d5c16980
Firearm-related injury Reporting Specification Grouper,20260731,rsg,246,153,767dec7c9b875285
Galactosemia Reporting Specification Grouper,20250328,rsg,89,20,21c6df9444d9ff25
Galactosemia Reporting Specification Grouper,20250829,rsg,89,20,21c6df9444d9ff25
Galactosemia Reporting Specification Grouper,20250829,rsg,89,20,21c6df9444d9ff25
Galactosemia Reporting Specification Grouper,20250829,rsg,89,20,21c6df9444d9ff25
Galactosemia Reporting Specification Grouper,20260327,rsg,54,20,d4cb469a24bb6a7c
Galactosemia Reporting Specification Grouper,20260731,rsg,54,20,d4cb469a24bb6a7c
Gastroschisis Reporting Specification Grouper,20241008,rsg,3,3,04bcb5543a1d110c
Gastroschisis Reporting Specification Grouper,20250328,rsg,3,3,04bcb5543a1d110c
Gastroschisis Reporting Specification Grouper,20250829,rsg,3,3,04bcb5543a1d110c
Gastroschisis Reporting Specification Grouper,20250829,rsg,3,3,04bcb5543a1d110c
Gastroschisis Reporting Specification Grouper,20250829,rsg,3,3,04bcb5543a1d110c
Gastroschisis Reporting Specification Grouper,20260327,rsg,3,3,04bcb5543a1d110c
Gastroschisis Reporting Specification Grouper,20260731,rsg,3,3,04bcb5543a1d110c
Genital Warts Additional Context Medication Codes,2.0.0,acg,52,0,90b8d1ee2e9c6703
Genital Warts Additional Context Medication Codes,3.0.0,acg,52,0,90b8d1ee2e9c6703
Genital Warts Additional Context Medication Codes,4.0.0,acg,50,0,e56506cd1fc6c9c5
Genital Warts Additional Context Medication Codes,5.0.0,acg,50,0,e56506cd1fc6c9c5
Genital Warts Additional Context Medication Codes,6.0.0,acg,52,0,90b8d1ee2e9c6703
Genital Warts Additional Context Medication Codes,7.0.0,acg,52,0,90b8d1ee2e9c6703
Genital Warts Reporting Specification Grouper,20241008,rsg,14,0,d66aca3771efb1d6
Genital Warts Reporting Specification Grouper,20250328,rsg,14,0,d66aca3771efb1d6
Genital Warts Reporting Specification Grouper,20250829,rsg,14,0,d66aca3771efb1d6
Genital Warts Reporting Specification Grouper,20250829,rsg,14,0,d66aca3771efb1d6
Genital Warts Reporting Specification Grouper,20250829,rsg,14,0,d66aca3771efb1d6
Genital Warts Reporting Specification Grouper,20260327,rsg,14,0,d66aca3771efb1d6
Genital Warts Reporting Specification Grouper,20260731,rsg,14,0,d66aca3771efb1d6
Giardiasis Additional Context Clinical Lab Result Codes,7.0.0,acg,21,0,57d36a87bbeea878
Giardiasis Additional Context Diagnosis Codes,7.0.0,acg,2050,0,6192de3fcbbfd002
Giardiasis Additional Context Medication Codes,2.0.0,acg,275,0,c288448c148e2b22
Giardiasis Additional Context Medication Codes,3.0.0,acg,275,0,c288448c148e2b22
Giardiasis Additional Context Medication Codes,4.0.0,acg,249,0,f32bbf7655319e5e
Giardiasis Additional Context Medication Codes,5.0.0,acg,249,0,f32bbf7655319e5e
Giardiasis Additional Context Medication Codes,6.0.0,acg,275,0,c288448c148e2b22
Giardiasis Additional Context Medication Codes,7.0.0,acg,7230,0,c4ff44239aa50310
Giardiasis Additional Context Symptom Codes,2.0.0,acg,61,0,06916f8333090dbd
Giardiasis Additional Context Symptom Codes,3.0.0,acg,61,0,06916f8333090dbd
Giardiasis Additional Context Symptom Codes,4.0.0,acg,60,0,44b35125f3da9aa8
Giardiasis Additional Context Symptom Codes,5.0.0,acg,60,0,44b35125f3da9aa8
Giardiasis Additional Context Symptom Codes,6.0.0,acg,61,0,06916f8333090dbd
Giardiasis Additional Context Symptom Codes,7.0.0,acg,938,0,74ab37bda73a93fc
Giardiasis Reporting Specification Grouper,20241008,rsg,638,53,0845572e740a0c47
Giardiasis Reporting Specification Grouper,20250328,rsg,642,53,b57ba0f85a2c2e16
Giardiasis Reporting Specification Grouper,20250829,rsg,650,61,11d484adb2196751
Giardiasis Reporting Specification Grouper,20250829,rsg,650,61,11d484adb2196751
Giardiasis Reporting Specification Grouper,20250829,rsg,650,61,11d484adb2196751
Giardiasis Reporting Specification Grouper,20260327,rsg,655,61,5972814c54d6066c
Giardiasis Reporting Specification Grouper,20260731,rsg,657,63,f9f57e58dd2448e6
Glanders Reporting Specification Grouper,20241008,rsg,429,17,cb522f81600a2236
Glanders Reporting Specification Grouper,20250328,rsg,448,17,4199830961a08a70
Glanders Reporting Specification Grouper,20250829,rsg,448,17,4199830961a08a70
Glanders Reporting Specification Grouper,20250829,rsg,448,17,4199830961a08a70
Glanders Reporting Specification Grouper,20250829,rsg,448,17,4199830961a08a70
Glanders Reporting Specification Grouper,20260327,rsg,451,17,c93f991de72dc3f3
Glanders Reporting Specification Grouper,20260731,rsg,451,17,c93f991de72dc3f3
Gonorrhea Additional Context Clinical Lab Result Codes,4.0.0,acg,3416,0,0e863030761aad06
Gonorrhea Additional Context Clinical Lab Result Codes,5.0.0,acg,3416,0,0e863030761aad06
Gonorrhea Additional Context Clinical Lab Result Codes,6.0.0,acg,3449,0,f3aba778f04fe839
Gonorrhea Additional Context Clinical Lab Result Codes,7.0.0,acg,3449,0,f3aba778f04fe839
Gonorrhea Additional Context Diagnosis Codes,2.0.0,acg,19,0,78bf3a39ccf17413
Gonorrhea Additional Context Diagnosis Codes,3.0.0,acg,19,0,78bf3a39ccf17413
Gonorrhea Additional Context Diagnosis Codes,4.0.0,acg,2073,0,64f601ec2bc90851
Gonorrhea Additional Context Diagnosis Codes,5.0.0,acg,2073,0,64f601ec2bc90851
Gonorrhea Additional Context Diagnosis Codes,6.0.0,acg,2171,0,67ae03dc23361168
Gonorrhea Additional Context Diagnosis Codes,7.0.0,acg,2171,0,67ae03dc23361168
Gonorrhea Additional Context Medication Codes,2.0.0,acg,1779,0,f19c66f1a6dbe26a
Gonorrhea Additional Context Medication Codes,3.0.0,acg,1779,0,f19c66f1a6dbe26a
Gonorrhea Additional Context Medication Codes,4.0.0,acg,1618,0,e1f9f1dc998fafb9
Gonorrhea Additional Context Medication Codes,5.0.0,acg,1618,0,e1f9f1dc998fafb9
Gonorrhea Additional Context Medication Codes,6.0.0,acg,1779,0,f19c66f1a6dbe26a
Gonorrhea Additional Context Medication Codes,7.0.0,acg,1779,0,f19c66f1a6dbe26a
Gonorrhea Additional Context Specimen Source Codes,2.0.0,acg,8,0,874ec18b1a4126f4
Gonorrhea Additional Context Specimen Source Codes,3.0.0,acg,8,0,874ec18b1a4126f4
Gonorrhea Additional Context Specimen Source Codes,4.0.0,acg,8,0,874ec18b1a4126f4
Gonorrhea Additional Context Specimen Source Codes,5.0.0,acg,8,0,874ec18b1a4126f4
Gonorrhea Additional Context Specimen Source Codes,6.0.0,acg,8,0,874ec18b1a4126f4
Gonorrhea Additional Context Specimen Source Codes,7.0.0,acg,8,0,874ec18b1a4126f4
Gonorrhea Additional Context Symptom Codes,2.0.0,acg,69,0,5ab7ada3604184c2
Gonorrhea Additional Context Symptom Codes,3.0.0,acg,69,0,5ab7ada3604184c2
Gonorrhea Additional Context Symptom Codes,4.0.0,acg,1587,20,0fa357ba94bba620
Gonorrhea Additional Context Symptom Codes,5.0.0,acg,1587,20,0fa357ba94bba620
Gonorrhea Additional Context Symptom Codes,6.0.0,acg,2068,25,26b2388a7d5dcfc7
Gonorrhea Additional Context Symptom Codes,7.0.0,acg,2069,25,0e0ad0949342d9f9
Gonorrhea Reporting Specification Grouper,20241008,rsg,1134,228,81f9521a09586112
Gonorrhea Reporting Specification Grouper,20250328,rsg,1160,233,33ad5b17954b631a
Gonorrhea Reporting Specification Grouper,20250829,rsg,1163,236,a0d3ace5b062bbdc
Gonorrhea Reporting Specification Grouper,20250829,rsg,1163,236,a0d3ace5b062bbdc
Gonorrhea Reporting Specification Grouper,20250829,rsg,1163,236,a0d3ace5b062bbdc
Gonorrhea Reporting Specification Grouper,20260327,rsg,1169,236,de1e0753c0fc1d1c
Gonorrhea Reporting Specification Grouper,20260731,rsg,1185,252,a88d86b09cbe3151
Granuloma Inguinale (Donovanosis) Reporting Specification Grouper,20241008,rsg,505,7,5ca8f967240f64d0
Granuloma Inguinale (Donovanosis) Reporting Specification Grouper,20250328,rsg,509,7,b0c82d50d7264993
Granuloma Inguinale (Donovanosis) Reporting Specification Grouper,20250829,rsg,511,7,a5404e5fbe87305a
Granuloma Inguinale (Donovanosis) Reporting Specification Grouper,20250829,rsg,511,7,a5404e5fbe87305a
Granuloma Inguinale (Donovanosis) Reporting Specification Grouper,20250829,rsg,511,7,a5404e5fbe87305a
Granuloma Inguinale (Donovanosis) Reporting Specification Grouper,20260327,rsg,515,7,b268af3087e3d476
Granuloma Inguinale (Donovanosis) Reporting Specification Grouper,20260731,rsg,515,7,b268af3087e3d476
Guillain-Barré Syndrome Reporting Specification Grouper,20241008,rsg,126,15,8286a6a51c7dd566
Guillain-Barré Syndrome Reporting Specification Grouper,20250328,rsg,126,15,8286a6a51c7dd566
Guillain-Barré Syndrome Reporting Specification Grouper,20250829,rsg,126,15,8286a6a51c7dd566
Guillain-Barré Syndrome Reporting Specification Grouper,20250829,rsg,126,15,8286a6a51c7dd566
Guillain-Barré Syndrome Reporting Specification Grouper,20250829,rsg,126,15,8286a6a51c7dd566
Guillain-Barré Syndrome Reporting Specification Grouper,20260327,rsg,126,15,8286a6a51c7dd566
Guillain-Barré Syndrome Reporting Specification Grouper,20260731,rsg,126,15,8286a6a51c7dd566
Gunshot Wound Reporting Specification Grouper,20241008,rsg,188,95,e6a274362871c04e
HIV Infection or AIDS Additional Context Clinical Lab Result Codes,4.0.0,acg,3946,0,f966fc6aa24ec474
HIV Infection or AIDS Additional Context Clinical Lab Result Codes,5.0.0,acg,3946,0,f966fc6aa24ec474
HIV Infection or AIDS Additional Context Clinical Lab Result Codes,6.0.0,acg,4127,0,dd357ffb3027d3dc
HIV Infection or AIDS Additional Context Clinical Lab Result Codes,7.0.0,acg,4151,0,dcb37157d6f86ad2
HIV Infection or AIDS Additional Context Diagnosis Codes,2.0.0,acg,3,0,de66b4305bb70421
HIV Infection or AIDS Additional Context Diagnosis Codes,3.0.0,acg,3,0,de66b4305bb70421
HIV Infection or AIDS Additional Context Diagnosis Codes,4.0.0,acg,2461,10,c3e2e78c42dec01e
HIV Infection or AIDS Additional Context Diagnosis Codes,5.0.0,acg,2461,10,c3e2e78c42dec01e
HIV Infection or AIDS Additional Context Diagnosis Codes,6.0.0,acg,3149,28,4526f5bfd361c13e
HIV Infection or AIDS Additional Context Diagnosis Codes,7.0.0,acg,3183,28,cb4a6cfa6d7c2201
HIV Infection or AIDS Additional Context Symptom Codes,2.0.0,acg,25,0,244eba82c6fbadd8
HIV Infection or AIDS Additional Context Symptom Codes,3.0.0,acg,25,0,244eba82c6fbadd8
HIV Infection or AIDS Additional Context Symptom Codes,4.0.0,acg,888,2,994a4d41f0222705
HIV Infection or AIDS Additional Context Symptom Codes,5.0.0,acg,888,2,994a4d41f0222705
HIV Infection or AIDS Additional Context Symptom Codes,6.0.0,acg,1156,6,8e368a242163a489
HIV Infection or AIDS Additional Context Symptom Codes,7.0.0,acg,1156,6,8e368a242163a489
HIV Infection or AIDS Reporting Specification Grouper,20241008,rsg,1196,756,10ba97f63fee460d
HIV Infection or AIDS Reporting Specification Grouper,20241008,rsg,868,756,9acb5e7da3749673
HIV Infection or AIDS Reporting Specification Grouper,20250328,rsg,868,756,9acb5e7da3749673
HIV Infection or AIDS Reporting Specification Grouper,20250328,rsg,1215,756,4336ce7a91a6d257
HIV Infection or AIDS Reporting Specification Grouper,20250829,rsg,1209,769,ed135637b9065fbe
HIV Infection or AIDS Reporting Specification Grouper,20250829,rsg,820,736,7d24ffe0404f6ab9
HIV Infection or AIDS Reporting Specification Grouper,20250829,rsg,1209,769,ed135637b9065fbe
HIV Infection or AIDS Reporting Specification Grouper,20250829,rsg,820,736,7d24ffe0404f6ab9
HIV Infection or AIDS Reporting Specification Grouper,20250829,rsg,1209,769,ed135637b9065fbe
HIV Infection or AIDS Reporting Specification Grouper,20250829,rsg,820,736,7d24ffe0404f6ab9
HIV Infection or AIDS Reporting Specification Grouper,20260327,rsg,1212,769,7286d07a07b3cb61
HIV Infection or AIDS Reporting Specification Grouper,20260327,rsg,821,736,66ef9650719989e9
HIV Infection or AIDS Reporting Specification Grouper,20260731,rsg,1220,777,c630a2b72b6507e9
HIV infection or AIDS Reporting Specification Grouper,20260731,rsg,829,744,64b82a3e55a24245
Hansen's disease Reporting Specification Grouper,20250829,rsg,1103,54,dc90f08c5ed1c3d3
Hansen's disease Reporting Specification Grouper,20250829,rsg,1103,54,dc90f08c5ed1c3d3
Hansen's disease Reporting Specification Grouper,20250829,rsg,1103,54,dc90f08c5ed1c3d3
Hansen's disease Reporting Specification Grouper,20260327,rsg,1108,54,24744ae1350324ea
Hansen's disease Reporting Specification Grouper,20260731,rsg,880,55,d3bfacd839d092f6
Hansen’s disease Reporting Specification Grouper,20241008,rsg,997,41,9bce283ba2614e65
Hansen’s disease Reporting Specification Grouper,20250328,rsg,1102,54,a5889b366e58a456
Hantavirus Infection Reporting Specification Grouper,20241008,rsg,301,75,c0d959a1b7f3576f
Hantavirus Infection Reporting Specification Grouper,20250328,rsg,314,87,85469ca664835e69
Hantavirus Infection Reporting Specification Grouper,20250829,rsg,318,88,eb7e7d125e3e452c
Hantavirus Infection Reporting Specification Grouper,20250829,rsg,318,88,eb7e7d125e3e452c
Hantavirus Infection Reporting Specification Grouper,20250829,rsg,318,88,eb7e7d125e3e452c
Hantavirus Infection Reporting Specification Grouper,20260327,rsg,324,93,74d80b17204b442f
Hantavirus Infection Reporting Specification Grouper,20260731,rsg,335,104,f37955011e6c8f42
Head Injury Reporting Specification Grouper,20241008,rsg,2169,0,a90dca465536d263
Head Injury Reporting Specification Grouper,20250328,rsg,2169,0,a90dca465536d263
Head Injury Reporting Specification Grouper,20250829,rsg,2179,0,4403bc246a40dbfb
Head Injury Reporting Specification Grouper,20250829,rsg,2179,0,4403bc246a40dbfb
Head Injury Reporting Specification Grouper,20250829,rsg,2179,0,4403bc246a40dbfb
Head Injury Reporting Specification Grouper,20260327,rsg,2179,0,4403bc246a40dbfb
Head Injury Reporting Specification Grouper,20260731,rsg,2179,0,4403bc246a40dbfb
Hemolytic uremic syndrome (HUS) Reporting Specification Grouper,20241008,rsg,727,14,51e00633ed506456
Hemolytic uremic syndrome (HUS) Reporting Specification Grouper,20250328,rsg,730,14,5c13f57c447b3906
Hemolytic uremic syndrome (HUS) Reporting Specification Grouper,20250829,rsg,730,14,5c13f57c447b3906
Hemolytic uremic syndrome (HUS) Reporting Specification Grouper,20250829,rsg,730,14,5c13f57c447b3906
Hemolytic uremic syndrome (HUS) Reporting Specification Grouper,20250829,rsg,730,14,5c13f57c447b3906
Hemolytic uremic syndrome (HUS) Reporting Specification Grouper,20260327,rsg,729,15,9866282aea5dd409
Hemolytic uremic syndrome (HUS) Reporting Specification Grouper,20260731,rsg,729,15,9866282aea5dd409
Hepatitis A Virus Infection Reporting Specification Grouper,20241008,rsg,484,36,34399ae7d8f9f1fe
Hepatitis A Virus Infection Reporting Specification Grouper,20250328,rsg,485,37,db9f9177fc0ab8d8
Hepatitis A Virus Infection Reporting Specification Grouper,20250829,rsg,503,37,e4932739745d0edb
Hepatitis A Virus Infection Reporting Specification Grouper,20250829,rsg,503,37,e4932739745d0edb
Hepatitis A Virus Infection Reporting Specification Grouper,20250829,rsg,503,37,e4932739745d0edb
Hepatitis A Virus Infection Reporting Specification Grouper,20260327,rsg,504,38,9b91ce003996cfb3
Hepatitis A Virus Infection Reporting Specification Grouper,20260731,rsg,504,38,9b91ce003996cfb3
Hepatitis A Virus infection Additional Context Clinical Lab Result Codes,2.0.0,acg,3,0,31f07caf666acbf5
Hepatitis A Virus infection Additional Context Clinical Lab Result Codes,3.0.0,acg,3,0,31f07caf666acbf5
Hepatitis A Virus infection Additional Context Clinical Lab Result Codes,4.0.0,acg,3,0,31f07caf666acbf5
Hepatitis A Virus infection Additional Context Clinical Lab Result Codes,5.0.0,acg,3,0,31f07caf666acbf5
Hepatitis A Virus infection Additional Context Clinical Lab Result Codes,6.0.0,acg,3,0,31f07caf666acbf5
Hepatitis A Virus infection Additional Context Clinical Lab Result Codes,7.0.0,acg,3551,7,912ba288fea65f59
Hepatitis A Virus infection Additional Context Diagnosis Codes,7.0.0,acg,3665,6,f1d5b97ea3334baf
Hepatitis A Virus infection Additional Context Immunization Codes,2.0.0,acg,52,0,902d6d2e0df7352f
Hepatitis A Virus infection Additional Context Immunization Codes,3.0.0,acg,52,0,902d6d2e0df7352f
Hepatitis A Virus infection Additional Context Immunization Codes,4.0.0,acg,52,0,902d6d2e0df7352f
Hepatitis A Virus infection Additional Context Immunization Codes,5.0.0,acg,52,0,902d6d2e0df7352f
Hepatitis A Virus infection Additional Context Immunization Codes,6.0.0,acg,52,0,902d6d2e0df7352f
Hepatitis A Virus infection Additional Context Immunization Codes,7.0.0,acg,52,0,902d6d2e0df7352f
Hepatitis A Virus infection Additional Context Medication Codes,2.0.0,acg,21,0,8c73f3eff7321303
Hepatitis A Virus infection Additional Context Medication Codes,3.0.0,acg,21,0,8c73f3eff7321303
Hepatitis A Virus infection Additional Context Medication Codes,4.0.0,acg,13,0,30850a19eb467076
Hepatitis A Virus infection Additional Context Medication Codes,5.0.0,acg,13,0,30850a19eb467076
Hepatitis A Virus infection Additional Context Medication Codes,6.0.0,acg,21,0,8c73f3eff7321303
Hepatitis A Virus infection Additional Context Medication Codes,7.0.0,acg,21,0,8c73f3eff7321303
Hepatitis A Virus infection Additional Context Specimen Source Codes,2.0.0,acg,6,0,7f93df15bf6aae13
Hepatitis A Virus infection Additional Context Specimen Source Codes,3.0.0,acg,6,0,7f93df15bf6aae13
Hepatitis A Virus infection Additional Context Specimen Source Codes,4.0.0,acg,6,0,7f93df15bf6aae13
Hepatitis A Virus infection Additional Context Specimen Source Codes,5.0.0,acg,6,0,7f93df15bf6aae13
Hepatitis A Virus infection Additional Context Specimen Source Codes,6.0.0,acg,6,0,7f93df15bf6aae13
Hepatitis A Virus infection Additional Context Specimen Source Codes,7.0.0,acg,6,0,7f93df15bf6aae13
Hepatitis A Virus infection Additional Context Symptom Codes,2.0.0,acg,10,0,7bd128f747f17651
Hepatitis A Virus infection Additional Context Symptom Codes,3.0.0,acg,10,0,7bd128f747f17651
Hepatitis A Virus infection Additional Context Symptom Codes,4.0.0,acg,9,0,356aba88a3e5f05d
Hepatitis A Virus infection Additional Context Symptom Codes,5.0.0,acg,9,0,356aba88a3e5f05d
Hepatitis A Virus infection Additional Context Symptom Codes,6.0.0,acg,10,0,7bd128f747f17651
Hepatitis A Virus infection Additional Context Symptom Codes,7.0.0,acg,468,0,7a694f7762880c84
Hepatitis B Additional Context Clinical Lab Result Codes,2.0.0,acg,3,0,31f07caf666acbf5
Hepatitis B Additional Context Clinical Lab Result Codes,3.0.0,acg,3,0,31f07caf666acbf5
Hepatitis B Additional Context Clinical Lab Result Codes,4.0.0,acg,3492,0,5352f1c36687a1c6
Hepatitis B Additional Context Clinical Lab Result Codes,5.0.0,acg,3492,0,5352f1c36687a1c6
Hepatitis B Additional Context Clinical Lab Result Codes,6.0.0,acg,3525,0,669d2b9c3036c973
Hepatitis B Additional Context Clinical Lab Result Codes,7.0.0,acg,3525,0,669d2b9c3036c973
Hepatitis B Additional Context Diagnosis Codes,2.0.0,acg,7,0,9d41ad8e73706afc
Hepatitis B Additional Context Diagnosis Codes,3.0.0,acg,7,0,9d41ad8e73706afc
Hepatitis B Additional Context Diagnosis Codes,4.0.0,acg,2725,0,f3b625d6448a05f0
Hepatitis B Additional Context Diagnosis Codes,5.0.0,acg,2725,0,f3b625d6448a05f0
Hepatitis B Additional Context Diagnosis Codes,6.0.0,acg,3139,1,d83e2ee65bb9f89a
Hepatitis B Additional Context Diagnosis Codes,7.0.0,acg,3139,1,d83e2ee65bb9f89a
Hepatitis B Additional Context Immunization Codes,2.0.0,acg,131,0,26d78e5e04aac81b
Hepatitis B Additional Context Immunization Codes,3.0.0,acg,131,0,26d78e5e04aac81b
Hepatitis B Additional Context Immunization Codes,4.0.0,acg,123,0,bc9410913a79d1f0
Hepatitis B Additional Context Immunization Codes,5.0.0,acg,123,0,bc9410913a79d1f0
Hepatitis B Additional Context Immunization Codes,6.0.0,acg,131,0,26d78e5e04aac81b
Hepatitis B Additional Context Immunization Codes,7.0.0,acg,131,0,26d78e5e04aac81b
Hepatitis B Additional Context Medication Codes,2.0.0,acg,267,0,a1318f3eb3250e83
Hepatitis B Additional Context Medication Codes,3.0.0,acg,267,0,a1318f3eb3250e83
Hepatitis B Additional Context Medication Codes,4.0.0,acg,253,0,ae710829ef66bde2
Hepatitis B Additional Context Medication Codes,5.0.0,acg,253,0,ae710829ef66bde2
Hepatitis B Additional Context Medication Codes,6.0.0,acg,267,0,a1318f3eb3250e83
Hepatitis B Additional Context Medication Codes,7.0.0,acg,267,0,a1318f3eb3250e83
Hepatitis B Additional Context Specimen Source Codes,2.0.0,acg,6,0,7f93df15bf6aae13
Hepatitis B Additional Context Specimen Source Codes,3.0.0,acg,6,0,7f93df15bf6aae13
Hepatitis B Additional Context Specimen Source Codes,4.0.0,acg,6,0,7f93df15bf6aae13
Hepatitis B Additional Context Specimen Source Codes,5.0.0,acg,6,0,7f93df15bf6aae13
Hepatitis B Additional Context Specimen Source Codes,6.0.0,acg,6,0,7f93df15bf6aae13
Hepatitis B Additional Context Specimen Source Codes,7.0.0,acg,6,0,7f93df15bf6aae13
Hepatitis B Additional Context Symptom Codes,2.0.0,acg,36,0,0392b68a801f170f
Hepatitis B Additional Context Symptom Codes,3.0.0,acg,36,0,0392b68a801f170f
Hepatitis B Additional Context Symptom Codes,4.0.0,acg,416,6,9504618acea77666
Hepatitis B Additional Context Symptom Codes,5.0.0,acg,416,6,9504618acea77666
Hepatitis B Additional Context Symptom Codes,6.0.0,acg,491,7,eeeeb4fa60722bf3
Hepatitis B Additional Context Symptom Codes,7.0.0,acg,491,7,eeeeb4fa60722bf3
Hepatitis B Virus Infection Reporting Specification Grouper,20241008,rsg,630,173,6b998df0b76f0d21
Hepatitis B Virus Infection Reporting Specification Grouper,20250328,rsg,648,187,fd0840ef7cb97f98
Hepatitis B Virus Infection Reporting Specification Grouper,20250829,rsg,841,187,d18de30cc65881ab
Hepatitis B Virus Infection Reporting Specification Grouper,20250829,rsg,841,187,d18de30cc65881ab
Hepatitis B Virus Infection Reporting Specification Grouper,20250829,rsg,841,187,d18de30cc65881ab
Hepatitis B Virus Infection Reporting Specification Grouper,20260327,rsg,846,192,70cd26614f764392
Hepatitis B Virus Infection Reporting Specification Grouper,20260731,rsg,850,196,2b1f14d9578ddfbb
"Hepatitis B Virus Infection, Perinatal Reporting Specification Grouper",20241008,rsg,237,184,f88dccb52d7933f4
"Hepatitis B Virus Infection, Perinatal Reporting Specification Grouper",20250328,rsg,240,187,75d74639e82d5dbd
"Hepatitis B Virus Infection, Perinatal Reporting Specification Grouper",20250829,rsg,259,206,21b166fa4fa36deb
"Hepatitis B Virus Infection, Perinatal Reporting Specification Grouper",20250829,rsg,259,206,21b166fa4fa36deb
"Hepatitis B Virus Infection, Perinatal Reporting Specification Grouper",20250829,rsg,259,206,21b166fa4fa36deb
"Hepatitis B Virus Infection, Perinatal Reporting Specification Grouper",20260327,rsg,263,211,6dcbcab2f5ffd10c
"Hepatitis B Virus Infection, Perinatal Reporting Specification Grouper",20260731,rsg,267,215,286eee5728a67113
Hepatitis C Additional Context Clinical Lab Result Codes,2.0.0,acg,4,0,8ea80256ba8369c1
Hepatitis C Additional Context Clinical Lab Result Codes,3.0.0,acg,4,0,8ea80256ba8369c1
Hepatitis C Additional Context Clinical Lab Result Codes,4.0.0,acg,3492,0,5352f1c36687a1c6
Hepatitis C Additional Context Clinical Lab Result Codes,5.0.0,acg,3492,0,5352f1c36687a1c6
Hepatitis C Additional Context Clinical Lab Result Codes,6.0.0,acg,3525,0,669d2b9c3036c973
Hepatitis C Additional Context Clinical Lab Result Codes,7.0.0,acg,3525,0,669d2b9c3036c973
Hepatitis C Additional Context Diagnosis Codes,2.0.0,acg,7,0,9d41ad8e73706afc
Hepatitis C Additional Context Diagnosis Codes,3.0.0,acg,7,0,9d41ad8e73706afc
Hepatitis C Additional Context Diagnosis Codes,4.0.0,acg,2725,0,f3b625d6448a05f0
Hepatitis C Additional Context Diagnosis Codes,5.0.0,acg,2725,0,f3b625d6448a05f0
Hepatitis C Additional Context Diagnosis Codes,6.0.0,acg,3139,0,d83e2ee65bb9f89a
Hepatitis C Additional Context Diagnosis Codes,7.0.0,acg,3139,0,d83e2ee65bb9f89a
Hepatitis C Additional Context Medication Codes,2.0.0,acg,194,0,b5188e26d5701e3e
Hepatitis C Additional Context Medication Codes,3.0.0,acg,194,0,b5188e26d5701e3e
Hepatitis C Additional Context Medication Codes,4.0.0,acg,194,0,b5188e26d5701e3e
Hepatitis C Additional Context Medication Codes,5.0.0,acg,194,0,b5188e26d5701e3e
Hepatitis C Additional Context Medication Codes,6.0.0,acg,194,0,b5188e26d5701e3e
Hepatitis C Additional Context Medication Codes,7.0.0,acg,194,0,b5188e26d5701e3e
Hepatitis C Additional Context Specimen Source Codes,2.0.0,acg,4,0,583ef8c21b797234
Hepatitis C Additional Context Specimen Source Codes,3.0.0,acg,4,0,583ef8c21b797234
Hepatitis C Additional Context Specimen Source Codes,4.0.0,acg,4,0,583ef8c21b797234
Hepatitis C Additional Context Specimen Source Codes,5.0.0,acg,4,0,583ef8c21b797234
Hepatitis C Additional Context Specimen Source Codes,6.0.0,acg,4,0,583ef8c21b797234
Hepatitis C Additional Context Specimen Source Codes,7.0.0,acg,4,0,583ef8c21b797234
Hepatitis C Additional Context Symptom Codes,2.0.0,acg,52,0,a1631d13f3d33caa
Hepatitis C Additional Context Symptom Codes,3.0.0,acg,52,0,a1631d13f3d33caa
Hepatitis C Additional Context Symptom Codes,4.0.0,acg,416,0,9504618acea77666
Hepatitis C Additional Context Symptom Codes,5.0.0,acg,416,0,9504618acea77666
Hepatitis C Additional Context Symptom Codes,6.0.0,acg,491,3,eeeeb4fa60722bf3
Hepatitis C Additional Context Symptom Codes,7.0.0,acg,491,3,eeeeb4fa60722bf3
Hepatitis C Virus Infection Reporting Specification Grouper,20241008,rsg,239,153,c48f9a6513c8e385
Hepatitis C Virus Infection Reporting Specification Grouper,20241008,rsg,677,187,7f9e41062ae86604
Hepatitis C Virus Infection Reporting Specification Grouper,20250328,rsg,240,158,3bde0ae94b8e1b32
Hepatitis C Virus Infection Reporting Specification Grouper,20250328,rsg,684,192,99cc4373f1cd78d2
Hepatitis C Virus Infection Reporting Specification Grouper,20250829,rsg,882,197,88bc77594fa76f2b
Hepatitis C Virus Infection Reporting Specification Grouper,20250829,rsg,245,163,bf4bf6e63a5714aa
Hepatitis C Virus Infection Reporting Specification Grouper,20250829,rsg,882,197,88bc77594fa76f2b
Hepatitis C Virus Infection Reporting Specification Grouper,20250829,rsg,245,163,bf4bf6e63a5714aa
Hepatitis C Virus Infection Reporting Specification Grouper,20250829,rsg,882,197,88bc77594fa76f2b
Hepatitis C Virus Infection Reporting Specification Grouper,20250829,rsg,245,163,bf4bf6e63a5714aa
Hepatitis C Virus Infection Reporting Specification Grouper,20260327,rsg,246,163,0a3dda45ca6b29d4
Hepatitis C Virus Infection Reporting Specification Grouper,20260327,rsg,883,197,f05550dd46bf6294
Hepatitis C Virus Infection Reporting Specification Grouper,20260731,rsg,883,197,f05550dd46bf6294
Hepatitis C Virus Infection Reporting Specification Grouper,20260731,rsg,246,163,0a3dda45ca6b29d4
"Hepatitis C Virus Infection, Perinatal Reporting Specification Grouper",20241008,rsg,209,154,c4e34734a0955f4e
"Hepatitis C Virus Infection, Perinatal Reporting Specification Grouper",20250328,rsg,215,158,adbb9d725aa600e6
"Hepatitis C Virus Infection, Perinatal Reporting Specification Grouper",20250829,rsg,220,163,ffa67d0330d5a07c
"Hepatitis C Virus Infection, Perinatal Reporting Specification Grouper",20250829,rsg,220,163,ffa67d0330d5a07c
"Hepatitis C Virus Infection, Perinatal Reporting Specification Grouper",20250829,rsg,220,163,ffa67d0330d5a07c
"Hepatitis C Virus Infection, Perinatal Reporting Specification Grouper",20260327,rsg,221,163,13f58fd4d6f79b09
"Hepatitis C Virus Infection, Perinatal Reporting Specification Grouper",20260731,rsg,221,163,13f58fd4d6f79b09
Hepatitis D Virus Infection Reporting Specification Grouper,20241008,rsg,253,36,1006a4703ea01bdc
Hepatitis D Virus Infection Reporting Specification Grouper,20250328,rsg,263,41,a00709b2cd59f5bd
Hepatitis D Virus Infection Reporting Specification Grouper,20250829,rsg,263,41,a00709b2cd59f5bd
Hepatitis D Virus Infection Reporting Specification Grouper,20250829,rsg,263,41,a00709b2cd59f5bd
Hepatitis D Virus Infection Reporting Specification Grouper,20250829,rsg,263,41,a00709b2cd59f5bd
Hepatitis D Virus Infection Reporting Specification Grouper,20260327,rsg,267,41,4f18aaa0ac995790
Hepatitis D Virus Infection Reporting Specification Grouper,20260731,rsg,271,41,2b9653247107ed2b
Hepatitis E Virus Infection Reporting Specification Grouper,20241008,rsg,81,30,28923cf2cec70e81
Hepatitis E Virus Infection Reporting Specification Grouper,20250328,rsg,81,30,28923cf2cec70e81
Hepatitis E Virus Infection Reporting Specification Grouper,20250829,rsg,81,30,28923cf2cec70e81
Hepatitis E Virus Infection Reporting Specification Grouper,20250829,rsg,81,30,28923cf2cec70e81
Hepatitis E Virus Infection Reporting Specification Grouper,20250829,rsg,81,30,28923cf2cec70e81
Hepatitis E Virus Infection Reporting Specification Grouper,20260327,rsg,82,30,a82bd56db9b9865f
Hepatitis E Virus Infection Reporting Specification Grouper,20260731,rsg,82,30,a82bd56db9b9865f
Hepatitis G Virus Infection Reporting Specification Grouper,20241008,rsg,55,4,8cc80f5ff9d55a0f
Hepatitis G Virus Infection Reporting Specification Grouper,20250328,rsg,55,4,8cc80f5ff9d55a0f
Hepatitis G Virus Infection Reporting Specification Grouper,20250829,rsg,55,4,8cc80f5ff9d55a0f
Hepatitis G Virus Infection Reporting Specification Grouper,20250829,rsg,55,4,8cc80f5ff9d55a0f
Hepatitis G Virus Infection Reporting Specification Grouper,20250829,rsg,55,4,8cc80f5ff9d55a0f
Hepatitis G Virus Infection Reporting Specification Grouper,20260327,rsg,56,4,91e55cdd2c0a9acd
Hepatitis G Virus Infection Reporting Specification Grouper,20260731,rsg,56,4,91e55cdd2c0a9acd
Herpes Additional Context Medication Codes,2.0.0,acg,98,0,8cbfc4f90e1b2c0f
Herpes Additional Context Medication Codes,3.0.0,acg,98,0,8cbfc4f90e1b2c0f
Herpes Additional Context Medication Codes,4.0.0,acg,87,0,3ca07d62357a9adf
Herpes Additional Context Medication Codes,5.0.0,acg,87,0,3ca07d62357a9adf
Herpes Additional Context Medication Codes,6.0.0,acg,98,0,8cbfc4f90e1b2c0f
Herpes Additional Context Medication Codes,7.0.0,acg,98,0,8cbfc4f90e1b2c0f
"Herpes, Genital Reporting Specification Grouper",20241008,rsg,629,216,fac99d03dd4cd2c9
"Herpes, Genital Reporting Specification Grouper",20250328,rsg,648,216,d13b1c9022a9718f
"Herpes, Genital Reporting Specification Grouper",20250829,rsg,649,216,bfb9e36167a41aba
"Herpes, Genital Reporting Specification Grouper",20250829,rsg,649,216,bfb9e36167a41aba
"Herpes, Genital Reporting Specification Grouper",20250829,rsg,649,216,bfb9e36167a41aba
"Herpes, Genital Reporting Specification Grouper",20260327,rsg,656,220,94e87bda13bce91c
"Herpes, Genital Reporting Specification Grouper",20260731,rsg,666,231,cd3ec4bb9f52f878
"Herpes, Neonatal Reporting Specification Grouper",20241008,rsg,558,139,a0b0390ae96afc84
"Herpes, Neonatal Reporting Specification Grouper",20250328,rsg,577,139,4c238068a6391179
"Herpes, Neonatal Reporting Specification Grouper",20250829,rsg,578,139,ec17c2641ba44764
"Herpes, Neonatal Reporting Specification Grouper",20250829,rsg,578,139,ec17c2641ba44764
"Herpes, Neonatal Reporting Specification Grouper",20250829,rsg,578,139,ec17c2641ba44764
"Herpes, Neonatal Reporting Specification Grouper",20260327,rsg,581,139,a3de452d06879682
"Herpes, Neonatal Reporting Specification Grouper",20260731,rsg,584,142,4eb65784f18d3331
Histoplasmosis Additional Context Clinical Lab Result Codes,7.0.0,acg,725,0,b947aaa5b979aa39
Histoplasmosis Additional Context Diagnosis Codes,7.0.0,acg,9380,2,be440384f09a7fab
Histoplasmosis Additional Context Medication Codes,7.0.0,acg,6385,0,65fea333defff7a3
Histoplasmosis Additional Context Symptom Codes,7.0.0,acg,3096,4,6c74deefc77ca4e0
Histoplasmosis Reporting Specification Grouper,20241008,rsg,940,89,acd41fe310126bed
Histoplasmosis Reporting Specification Grouper,20250328,rsg,961,91,3125140b33e57ec5
Histoplasmosis Reporting Specification Grouper,20250829,rsg,1362,91,a6166c1361066a8d
Histoplasmosis Reporting Specification Grouper,20250829,rsg,1362,91,a6166c1361066a8d
Histoplasmosis Reporting Specification Grouper,20250829,rsg,1362,91,a6166c1361066a8d
Histoplasmosis Reporting Specification Grouper,20260327,rsg,1368,91,fffdcf3e2c129fd1
Histoplasmosis Reporting Specification Grouper,20260731,rsg,1368,91,fffdcf3e2c129fd1
Homocystinuria Reporting Specification Grouper,20250829,rsg,111,30,bfa956501c753739
Homocystinuria Reporting Specification Grouper,20250829,rsg,111,30,bfa956501c753739
Homocystinuria Reporting Specification Grouper,20250829,rsg,111,30,bfa956501c753739
Homocystinuria Reporting Specification Grouper,20260327,rsg,111,30,bfa956501c753739
Homocystinuria Reporting Specification Grouper,20260731,rsg,111,30,bfa956501c753739
Hypoplastic Left Heart Syndrome (HLHS) Reporting Specification Grouper,20241008,rsg,2,2,93017e75696ac06a
Hypoplastic Left Heart Syndrome (HLHS) Reporting Specification Grouper,20250328,rsg,2,2,93017e75696ac06a
Hypoplastic Left Heart Syndrome (HLHS) Reporting Specification Grouper,20250829,rsg,2,2,93017e75696ac06a
Hypoplastic Left Heart Syndrome (HLHS) Reporting Specification Grouper,20250829,rsg,2,2,93017e75696ac06a
Hypoplastic Left Heart Syndrome (HLHS) Reporting Specification Grouper,20250829,rsg,2,2,93017e75696ac06a
Hypoplastic Left Heart Syndrome (HLHS) Reporting Specification Grouper,20260327,rsg,2,2,93017e75696ac06a
Hypoplastic Left Heart Syndrome (HLHS) Reporting Specification Grouper,20260731,rsg,2,2,93017e75696ac06a
Hypospadias Reporting Specification Grouper,20250328,rsg,26,20,7cac6475721580bb
Hypospadias Reporting Specification Grouper,20250829,rsg,26,20,7cac6475721580bb
Hypospadias Reporting Specification Grouper,20250829,rsg,26,20,7cac6475721580bb
Hypospadias Reporting Specification Grouper,20250829,rsg,26,20,7cac6475721580bb
Hypospadias Reporting Specification Grouper,20260327,rsg,26,20,7cac6475721580bb
Hypospadias Reporting Specification Grouper,20260731,rsg,20,20,59d78fcea5c97b6d
Infant Hearing Loss Reporting Specification Grouper,20241008,rsg,251,251,9131249b38ada1ed
Infant Hearing Loss Reporting Specification Grouper,20250328,rsg,275,275,ec4689ea5d742209
Infant Hearing Loss Reporting Specification Grouper,20250829,rsg,275,275,ec4689ea5d742209
Infant Hearing Loss Reporting Specification Grouper,20250829,rsg,275,275,ec4689ea5d742209
Infant Hearing Loss Reporting Specification Grouper,20250829,rsg,275,275,ec4689ea5d742209
Infant Hearing Loss Reporting Specification Grouper,20260327,rsg,275,275,ec4689ea5d742209
Infant Hearing Loss Reporting Specification Grouper,20260731,rsg,275,275,ec4689ea5d742209
Influenza Additional Context Diagnosis Codes,2.0.0,acg,1,0,2e3e07645f2f3c7e
Influenza Additional Context Diagnosis Codes,3.0.0,acg,1,0,2e3e07645f2f3c7e
Influenza Additional Context Diagnosis Codes,4.0.0,acg,1,0,2e3e07645f2f3c7e
Influenza Additional Context Diagnosis Codes,5.0.0,acg,1,0,2e3e07645f2f3c7e
Influenza Additional Context Diagnosis Codes,6.0.0,acg,9561,8,3950bc91deddd0d1
Influenza Additional Context Diagnosis Codes,7.0.0,acg,9584,9,b57d452c4d84c344
Influenza Additional Context Immunization Codes,2.0.0,acg,696,0,b93fd8fa2fbac452
Influenza Additional Context Immunization Codes,3.0.0,acg,696,0,b93fd8fa2fbac452
Influenza Additional Context Immunization Codes,4.0.0,acg,258,0,497c3c761cfb011b
Influenza Additional Context Immunization Codes,5.0.0,acg,258,0,497c3c761cfb011b
Influenza Additional Context Immunization Codes,6.0.0,acg,696,0,b93fd8fa2fbac452
Influenza Additional Context Immunization Codes,7.0.0,acg,696,0,b93fd8fa2fbac452
Influenza Additional Context Medication Codes,2.0.0,acg,117,0,2462c8fbf7ad7e75
Influenza Additional Context Medication Codes,3.0.0,acg,117,0,2462c8fbf7ad7e75
Influenza Additional Context Medication Codes,4.0.0,acg,116,0,71e2c8ac5ce79075
Influenza Additional Context Medication Codes,5.0.0,acg,116,0,71e2c8ac5ce79075
Influenza Additional Context Medication Codes,6.0.0,acg,4542,0,03d26b0e0a36d211
Influenza Additional Context Medication Codes,7.0.0,acg,4542,0,03d26b0e0a36d211
Influenza Additional Context Symptom Codes,6.0.0,acg,889,0,34d55235e7136557
Influenza Additional Context Symptom Codes,7.0.0,acg,889,0,34d55235e7136557
Influenza Context Clinical Lab Result Codes,6.0.0,acg,183,43,81916d6aef68bbd5
Influenza Context Clinical Lab Result Codes,7.0.0,acg,183,43,81916d6aef68bbd5
Influenza Reporting Specification Grouper,20241008,rsg,824,412,21d2eef1631da99b
Influenza Reporting Specification Grouper,20250328,rsg,877,446,19f5ded069217b9e
Influenza Reporting Specification Grouper,20250829,rsg,888,457,5c533e76a3edfa1c
Influenza Reporting Specification Grouper,20250829,rsg,888,457,5c533e76a3edfa1c
Influenza Reporting Specification Grouper,20250829,rsg,888,457,5c533e76a3edfa1c
Influenza Reporting Specification Grouper,20260327,rsg,903,468,878978affb48744f
Influenza Reporting Specification Grouper,20260731,rsg,920,485,1b7996135f2ed233
Influenza-Associated Hospitalizations Reporting Specification Grouper,20241008,rsg,911,333,a937fb78a68b5c8b
Influenza-Associated Hospitalizations Reporting Specification Grouper,20250328,rsg,963,366,c63de19d0082cdae
Influenza-Associated Hospitalizations Reporting Specification Grouper,20250829,rsg,1054,457,8039876e2d2736d1
Influenza-Associated Hospitalizations Reporting Specification Grouper,20250829,rsg,1054,457,8039876e2d2736d1
Influenza-Associated Hospitalizations Reporting Specification Grouper,20250829,rsg,1054,457,8039876e2d2736d1
Influenza-Associated Hospitalizations Reporting Specification Grouper,20260327,rsg,1068,468,29f2c84da0d72c0f
Influenza-Associated Hospitalizations Reporting Specification Grouper,20260731,rsg,1085,485,352477be998ae2cf
Influenza-Associated Mortality Reporting Specification Grouper,20241008,rsg,826,412,4e4bb9229df2400e
Influenza-Associated Mortality Reporting Specification Grouper,20250328,rsg,1261,424,1e8bbe45b8a84f5b
Influenza-Associated Mortality Reporting Specification Grouper,20250328,rsg,857,424,0ff8a5f6c7c4fa48
Influenza-Associated Mortality Reporting Specification Grouper,20250829,rsg,1409,438,821f48e6029b8610
Influenza-Associated Mortality Reporting Specification Grouper,20250829,rsg,871,438,8a3904036e3552d8
Influenza-Associated Mortality Reporting Specification Grouper,20250829,rsg,1409,438,821f48e6029b8610
Influenza-Associated Mortality Reporting Specification Grouper,20250829,rsg,871,438,8a3904036e3552d8
Influenza-Associated Mortality Reporting Specification Grouper,20250829,rsg,1409,438,821f48e6029b8610
Influenza-Associated Mortality Reporting Specification Grouper,20250829,rsg,871,438,8a3904036e3552d8
Influenza-Associated Mortality Reporting Specification Grouper,20260327,rsg,1438,463,2f42492ced1a20a2
Influenza-Associated Mortality Reporting Specification Grouper,20260327,rsg,880,444,9859abad9dd7af6d
Influenza-Associated Mortality Reporting Specification Grouper,20260731,rsg,1455,480,e87f1d7a596c060f
Influenza-Associated Mortality Reporting Specification Grouper,20260731,rsg,897,461,c520f8d3925685ff
Influenza-associated pediatric mortality Reporting Specification Grouper,20241008,rsg,826,412,4e4bb9229df2400e
Influenza-associated pediatric mortality Reporting Specification Grouper,20250328,rsg,857,424,0ff8a5f6c7c4fa48
Influenza-associated pediatric mortality Reporting Specification Grouper,20250829,rsg,871,438,8a3904036e3552d8
Influenza-associated pediatric mortality Reporting Specification Grouper,20250829,rsg,871,438,8a3904036e3552d8
Influenza-associated pediatric mortality Reporting Specification Grouper,20250829,rsg,871,438,8a3904036e3552d8
Influenza-associated pediatric mortality Reporting Specification Grouper,20260327,rsg,900,463,0dc6ac5647c7d406
Influenza-associated pediatric mortality Reporting Specification Grouper,20260731,rsg,917,480,d1d0388dba39da65
Influenza-like Illness (ILI) Reporting Specification Grouper,20241008,rsg,987,397,34f1a0ce657bc5af
Influenza-like Illness (ILI) Reporting Specification Grouper,20250328,rsg,1024,415,46e72b708c4de606
Influenza-like Illness (ILI) Reporting Specification Grouper,20250829,rsg,1040,429,7d8e728fee4b0c8d
Influenza-like Illness (ILI) Reporting Specification Grouper,20250829,rsg,1040,429,7d8e728fee4b0c8d
Influenza-like Illness (ILI) Reporting Specification Grouper,20250829,rsg,1040,429,7d8e728fee4b0c8d
Influenza-like Illness (ILI) Reporting Specification Grouper,20260327,rsg,1049,435,67b74b9f6d35b8bf
Influenza-like Illness (ILI) Reporting Specification Grouper,20260731,rsg,1065,451,29adc2cb2e79ccb7
Interrupted Aortic Arch Reporting Specification Grouper,20241008,rsg,9,8,13dc23fb25dc6fd0
Interrupted Aortic Arch Reporting Specification Grouper,20250328,rsg,9,8,13dc23fb25dc6fd0
Interrupted Aortic Arch Reporting Specification Grouper,20250829,rsg,10,8,19f95b7d81bb4d3c
Interrupted Aortic Arch Reporting Specification Grouper,20250829,rsg,10,8,19f95b7d81bb4d3c
Interrupted Aortic Arch Reporting Specification Grouper,20250829,rsg,10,8,19f95b7d81bb4d3c
Interrupted Aortic Arch Reporting Specification Grouper,20260327,rsg,10,8,19f95b7d81bb4d3c
Interrupted Aortic Arch Reporting Specification Grouper,20260731,rsg,10,10,1c0c32d5ff919aaf
Invasive Cronobacter Infection Among Infants Reporting Specification Grouper,20241008,rsg,636,14,321c281dfe793795
Invasive Cronobacter Infection Among Infants Reporting Specification Grouper,20250328,rsg,661,14,c30e6b26011b7038
Invasive Cronobacter Infection Among Infants Reporting Specification Grouper,20250829,rsg,661,14,c30e6b26011b7038
Invasive Cronobacter Infection Among Infants Reporting Specification Grouper,20250829,rsg,661,14,c30e6b26011b7038
Invasive Cronobacter Infection Among Infants Reporting Specification Grouper,20250829,rsg,661,14,c30e6b26011b7038
Invasive Cronobacter Infection Among Infants Reporting Specification Grouper,20260327,rsg,664,14,5e30e8125362d351
Invasive Cronobacter Infection Among Infants Reporting Specification Grouper,20260731,rsg,669,14,b9445ab34afb1269
Invasive Haemophilus Influenzae Disease Additional Context Clinical Lab Result Codes,6.0.0,acg,23,0,edb8ce2f046896bc
Invasive Haemophilus Influenzae Disease Additional Context Clinical Lab Result Codes,7.0.0,acg,23,0,edb8ce2f046896bc
Invasive Haemophilus Influenzae Disease Additional Context Diagnosis Codes,6.0.0,acg,10223,4,cd977c9234f4b412
Invasive Haemophilus Influenzae Disease Additional Context Diagnosis Codes,7.0.0,acg,10223,4,cd977c9234f4b412
Invasive Haemophilus Influenzae Disease Additional Context Immunization Codes,2.0.0,acg,99,0,3a9f1759a2043537
Invasive Haemophilus Influenzae Disease Additional Context Immunization Codes,3.0.0,acg,99,0,3a9f1759a2043537
Invasive Haemophilus Influenzae Disease Additional Context Immunization Codes,4.0.0,acg,88,0,f0cbee6e81fad7da
Invasive Haemophilus Influenzae Disease Additional Context Immunization Codes,5.0.0,acg,88,0,f0cbee6e81fad7da
Invasive Haemophilus Influenzae Disease Additional Context Immunization Codes,6.0.0,acg,99,0,3a9f1759a2043537
Invasive Haemophilus Influenzae Disease Additional Context Immunization Codes,7.0.0,acg,99,0,3a9f1759a2043537
Invasive Haemophilus Influenzae Disease Additional Context Medication Codes,2.0.0,acg,366,0,d45f8c2fbf84e8bc
Invasive Haemophilus Influenzae Disease Additional Context Medication Codes,3.0.0,acg,366,0,d45f8c2fbf84e8bc
Invasive Haemophilus Influenzae Disease Additional Context Medication Codes,4.0.0,acg,348,0,8807901ae3a79cb6
Invasive Haemophilus Influenzae Disease Additional Context Medication Codes,5.0.0,acg,348,0,8807901ae3a79cb6
Invasive Haemophilus Influenzae Disease Additional Context Medication Codes,6.0.0,acg,5677,0,fc382f31c7664898
Invasive Haemophilus Influenzae Disease Additional Context Medication Codes,7.0.0,acg,5677,0,fc382f31c7664898
Invasive Haemophilus Influenzae Disease Additional Context Symptom Codes,2.0.0,acg,24,0,354dbc22cff582bd
Invasive Haemophilus Influenzae Disease Additional Context Symptom Codes,3.0.0,acg,24,0,354dbc22cff582bd
Invasive Haemophilus Influenzae Disease Additional Context Symptom Codes,4.0.0,acg,24,0,354dbc22cff582bd
Invasive Haemophilus Influenzae Disease Additional Context Symptom Codes,5.0.0,acg,24,0,354dbc22cff582bd
Invasive Haemophilus Influenzae Disease Additional Context Symptom Codes,6.0.0,acg,2210,2,7bde06d5c5cefb62
Invasive Haemophilus Influenzae Disease Additional Context Symptom Codes,7.0.0,acg,2210,2,7bde06d5c5cefb62
Invasive Haemophilus Influenzae Disease Reporting Specification Grouper,20241008,rsg,895,90,c14b9240aeaf619c
Invasive Haemophilus Influenzae Disease Reporting Specification Grouper,20250328,rsg,915,90,f4146139f24d992e
Invasive Haemophilus Influenzae Disease Reporting Specification Grouper,20250829,rsg,921,96,a62baaf52a088abe
Invasive Haemophilus Influenzae Disease Reporting Specification Grouper,20250829,rsg,921,96,a62baaf52a088abe
Invasive Haemophilus Influenzae Disease Reporting Specification Grouper,20250829,rsg,921,96,a62baaf52a088abe
Invasive Haemophilus Influenzae Disease Reporting Specification Grouper,20260327,rsg,925,96,f2d8d1f403384829
Invasive Haemophilus Influenzae Disease Reporting Specification Grouper,20260731,rsg,935,101,7eef3cfb2e6ef3d4
Invasive Pneumococcal Disease Reporting Specification Grouper,20241008,rsg,931,291,6023791651f0ca69
Invasive Pneumococcal Disease Reporting Specification Grouper,20250328,rsg,950,291,d54685e53e171b92
Invasive Pneumococcal Disease Reporting Specification Grouper,20250829,rsg,954,296,3cadaff3ef5d1e32
Invasive Pneumococcal Disease Reporting Specification Grouper,20250829,rsg,954,296,3cadaff3ef5d1e32
Invasive Pneumococcal Disease Reporting Specification Grouper,20250829,rsg,954,296,3cadaff3ef5d1e32
Invasive Pneumococcal Disease Reporting Specification Grouper,20260327,rsg,957,296,61ee6630789b4462
Invasive Pneumococcal Disease Reporting Specification Grouper,20260731,rsg,957,296,61ee6630789b4462
Jamestown Canyon virus disease Reporting Specification Grouper,20241008,rsg,461,46,47c92ec6d1da84e4
Jamestown Canyon virus disease Reporting Specification Grouper,20250328,rsg,480,46,43685ab5e647d784
Jamestown Canyon virus disease Reporting Specification Grouper,20250829,rsg,480,46,43685ab5e647d784
Jamestown Canyon virus disease Reporting Specification Grouper,20250829,rsg,480,46,43685ab5e647d784
Jamestown Canyon virus disease Reporting Specification Grouper,20250829,rsg,480,46,43685ab5e647d784
Jamestown Canyon virus disease Reporting Specification Grouper,20260327,rsg,483,46,3c72176a58810d12
Jamestown Canyon virus disease Reporting Specification Grouper,20260731,rsg,483,46,3c72176a58810d12
Japanese encephalitis virus (JEV) disease Reporting Specification Grouper,20241008,rsg,446,34,7cf1e4f6ec89a5e2
Japanese encephalitis virus (JEV) disease Reporting Specification Grouper,20250328,rsg,465,34,e71ad27a3abe417e
Japanese encephalitis virus (JEV) disease Reporting Specification Grouper,20250829,rsg,465,34,e71ad27a3abe417e
Japanese encephalitis virus (JEV) disease Reporting Specification Grouper,20250829,rsg,465,34,e71ad27a3abe417e
Japanese encephalitis virus (JEV) disease Reporting Specification Grouper,20250829,rsg,465,34,e71ad27a3abe417e
Japanese encephalitis virus (JEV) disease Reporting Specification Grouper,20260327,rsg,468,34,e487827e1a69ccf1
Japanese encephalitis virus (JEV) disease Reporting Specification Grouper,20260731,rsg,468,34,e487827e1a69ccf1
Kawasaki Disease Reporting Specification Grouper,20241008,rsg,254,4,a904577968fa0068
Kawasaki Disease Reporting Specification Grouper,20250328,rsg,254,4,a904577968fa0068
Kawasaki Disease Reporting Specification Grouper,20250829,rsg,259,4,8aa5f72d58a2a144
Kawasaki Disease Reporting Specification Grouper,20250829,rsg,259,4,8aa5f72d58a2a144
Kawasaki Disease Reporting Specification Grouper,20250829,rsg,259,4,8aa5f72d58a2a144
Kawasaki Disease Reporting Specification Grouper,20260327,rsg,288,4,f84e577640c34cce
Kawasaki Disease Reporting Specification Grouper,20260731,rsg,288,4,f84e577640c34cce
Keystone virus disease Reporting Specification Grouper,20241008,rsg,383,3,2088816c825781e6
Keystone virus disease Reporting Specification Grouper,20250328,rsg,402,3,93367f7d2f9acb55
Keystone virus disease Reporting Specification Grouper,20250829,rsg,402,3,93367f7d2f9acb55
Keystone virus disease Reporting Specification Grouper,20250829,rsg,402,3,93367f7d2f9acb55
Keystone virus disease Reporting Specification Grouper,20250829,rsg,402,3,93367f7d2f9acb55
Keystone virus disease Reporting Specification Grouper,20260327,rsg,405,3,329188ebde62cfae
Keystone virus disease Reporting Specification Grouper,20260731,rsg,405,3,329188ebde62cfae
La Crosse virus disease Reporting Specification Grouper,20241008,rsg,478,63,07eb46d201ded05a
La Crosse virus disease Reporting Specification Grouper,20250328,rsg,497,63,fb9d75e4700986ec
La Crosse virus disease Reporting Specification Grouper,20250829,rsg,497,63,fb9d75e4700986ec
La Crosse virus disease Reporting Specification Grouper,20250829,rsg,497,63,fb9d75e4700986ec
La Crosse virus disease Reporting Specification Grouper,20250829,rsg,497,63,fb9d75e4700986ec
La Crosse virus disease Reporting Specification Grouper,20260327,rsg,500,63,2d0e78c57f090c93
La Crosse virus disease Reporting Specification Grouper,20260731,rsg,500,63,2d0e78c57f090c93
Lead in Blood Reporting Specification Grouper,20241008,rsg,212,131,f01a4762862136dc
Lead in Blood Reporting Specification Grouper,20250328,rsg,212,131,f01a4762862136dc
Lead in Blood Reporting Specification Grouper,20250829,rsg,750,131,81173b1e824e4392
Lead in Blood Reporting Specification Grouper,20250829,rsg,750,131,81173b1e824e4392
Lead in Blood Reporting Specification Grouper,20250829,rsg,750,131,81173b1e824e4392
Lead in Blood Reporting Specification Grouper,20260327,rsg,739,131,635d5c191d936793
Lead in Blood Reporting Specification Grouper,20260731,rsg,740,132,a3673ac6f6b957cc
Legionellosis Additional Context Diagnosis Codes,7.0.0,acg,13397,0,1812b0b757d47b4b
Legionellosis Additional Context Lab Result Codes,7.0.0,acg,220,54,dd87bb54e927481e
Legionellosis Additional Context Medication Codes,2.0.0,acg,718,0,4dec93c0643249ab
Legionellosis Additional Context Medication Codes,3.0.0,acg,718,0,4dec93c0643249ab
Legionellosis Additional Context Medication Codes,4.0.0,acg,678,0,86d08d483c05f84a
Legionellosis Additional Context Medication Codes,5.0.0,acg,678,0,86d08d483c05f84a
Legionellosis Additional Context Medication Codes,6.0.0,acg,718,0,4dec93c0643249ab
Legionellosis Additional Context Medication Codes,7.0.0,acg,8669,0,8d925d7972f5e27c
Legionellosis Additional Context Specimen Source Codes,2.0.0,acg,3,0,02d67fde52f28864
Legionellosis Additional Context Specimen Source Codes,3.0.0,acg,3,0,02d67fde52f28864
Legionellosis Additional Context Specimen Source Codes,4.0.0,acg,3,0,02d67fde52f28864
Legionellosis Additional Context Specimen Source Codes,5.0.0,acg,3,0,02d67fde52f28864
Legionellosis Additional Context Specimen Source Codes,6.0.0,acg,3,0,02d67fde52f28864
Legionellosis Additional Context Specimen Source Codes,7.0.0,acg,3,0,02d67fde52f28864
Legionellosis Additional Context Symptom Codes,2.0.0,acg,63,0,3088ad96ee784e32
Legionellosis Additional Context Symptom Codes,3.0.0,acg,63,0,3088ad96ee784e32
Legionellosis Additional Context Symptom Codes,4.0.0,acg,62,0,1134c537cad6c296
Legionellosis Additional Context Symptom Codes,5.0.0,acg,62,0,1134c537cad6c296
Legionellosis Additional Context Symptom Codes,6.0.0,acg,63,0,3088ad96ee784e32
Legionellosis Additional Context Symptom Codes,7.0.0,acg,5680,1,6928bd953767e786
Legionellosis Reporting Specification Grouper,20241008,rsg,621,208,a982563e07135a63
Legionellosis Reporting Specification Grouper,20250328,rsg,644,212,d12e6433bc736a94
Legionellosis Reporting Specification Grouper,20250829,rsg,644,212,d12e6433bc736a94
Legionellosis Reporting Specification Grouper,20250829,rsg,644,212,d12e6433bc736a94
Legionellosis Reporting Specification Grouper,20250829,rsg,644,212,d12e6433bc736a94
Legionellosis Reporting Specification Grouper,20260327,rsg,653,218,bc21fe11612424d1
Legionellosis Reporting Specification Grouper,20260731,rsg,653,218,bc21fe11612424d1
Leishmaniasis Reporting Specification Grouper,20241008,rsg,816,173,74884e4cd9abf065
Leishmaniasis Reporting Specification Grouper,20250328,rsg,816,173,74884e4cd9abf065
Leishmaniasis Reporting Specification Grouper,20250829,rsg,818,174,c5b1ef3310e18ca7
Leishmaniasis Reporting Specification Grouper,20250829,rsg,818,174,c5b1ef3310e18ca7
Leishmaniasis Reporting Specification Grouper,20250829,rsg,818,174,c5b1ef3310e18ca7
Leishmaniasis Reporting Specification Grouper,20260327,rsg,822,174,03c544ff795a082c
Leishmaniasis Reporting Specification Grouper,20260731,rsg,822,174,03c544ff795a082c
Leptospirosis Reporting Specification Grouper,20241008,rsg,1452,244,9a3dd5ae3ffd4ceb
Leptospirosis Reporting Specification Grouper,20250328,rsg,2045,257,ed9336f47558a75d
Leptospirosis Reporting Specification Grouper,20250829,rsg,2070,257,7cf7405e03b65ade
Leptospirosis Reporting Specification Grouper,20250829,rsg,2070,257,7cf7405e03b65ade
Leptospirosis Reporting Specification Grouper,20250829,rsg,2070,257,7cf7405e03b65ade
Leptospirosis Reporting Specification Grouper,20260327,rsg,2105,258,3728f1de19e125e8
Leptospirosis Reporting Specification Grouper,20260731,rsg,2108,258,75a36e4d8e5ce905
Limb Reduction Reporting Specification Grouper,20241008,rsg,363,219,86166db0cf195423
Limb Reduction Reporting Specification Grouper,20250328,rsg,409,219,5bc0e2683dcbd004
Limb Reduction Reporting Specification Grouper,20250829,rsg,409,219,5bc0e2683dcbd004
Limb Reduction Reporting Specification Grouper,20250829,rsg,409,219,5bc0e2683dcbd004
Limb Reduction Reporting Specification Grouper,20250829,rsg,409,219,5bc0e2683dcbd004
Limb Reduction Reporting Specification Grouper,20260327,rsg,409,219,5bc0e2683dcbd004
Limb Reduction Reporting Specification Grouper,20260731,rsg,271,268,b32bd9416a8804eb
Listeriosis Additional Context Specimen Source Codes,2.0.0,acg,1,0,dac0c2aca13a00e9
Listeriosis Additional Context Specimen Source Codes,3.0.0,acg,1,0,dac0c2aca13a00e9
Listeriosis Additional Context Specimen Source Codes,4.0.0,acg,1,0,dac0c2aca13a00e9
Listeriosis Additional Context Specimen Source Codes,5.0.0,acg,1,0,dac0c2aca13a00e9
Listeriosis Additional Context Specimen Source Codes,6.0.0,acg,1,0,dac0c2aca13a00e9
Listeriosis Additional Context Specimen Source Codes,7.0.0,acg,1,0,dac0c2aca13a00e9
Listeriosis Additional Context Symptom Codes,2.0.0,acg,81,0,6dbc1b2c5b304a29
Listeriosis Additional Context Symptom Codes,3.0.0,acg,81,0,6dbc1b2c5b304a29
Listeriosis Additional Context Symptom Codes,4.0.0,acg,80,0,d9cbf7b75b02e2d3
Listeriosis Additional Context Symptom Codes,5.0.0,acg,80,0,d9cbf7b75b02e2d3
Listeriosis Additional Context Symptom Codes,6.0.0,acg,81,0,6dbc1b2c5b304a29
Listeriosis Additional Context Symptom Codes,7.0.0,acg,81,0,6dbc1b2c5b304a29
Listeriosis Reporting Specification Grouper,20241008,rsg,1252,67,88b710f9100cee83
Listeriosis Reporting Specification Grouper,20250328,rsg,1260,67,dcba0a4553c6225d
Listeriosis Reporting Specification Grouper,20250829,rsg,1260,67,dcba0a4553c6225d
Listeriosis Reporting Specification Grouper,20250829,rsg,1260,67,dcba0a4553c6225d
Listeriosis Reporting Specification Grouper,20250829,rsg,1260,67,dcba0a4553c6225d
Listeriosis Reporting Specification Grouper,20260327,rsg,1263,67,0143d1b38eaaaf32
Listeriosis Reporting Specification Grouper,20260731,rsg,1277,67,19908d5e9772a984
Louse-borne relapsing fever (LBRF) Reporting Specification Grouper,20241008,rsg,705,114,44a7859a81676fcd
Louse-borne relapsing fever (LBRF) Reporting Specification Grouper,20250328,rsg,708,114,baeca524d97d5916
Louse-borne relapsing fever (LBRF) Reporting Specification Grouper,20250829,rsg,708,114,baeca524d97d5916
Louse-borne relapsing fever (LBRF) Reporting Specification Grouper,20250829,rsg,708,114,baeca524d97d5916
Louse-borne relapsing fever (LBRF) Reporting Specification Grouper,20250829,rsg,708,114,baeca524d97d5916
Louse-borne relapsing fever (LBRF) Reporting Specification Grouper,20260327,rsg,714,116,97eef27d95cd2796
Louse-borne relapsing fever (LBRF) Reporting Specification Grouper,20260731,rsg,715,117,993c3696a5b4f952
Lyme Disease Additional Context Clinical Lab Result Codes,7.0.0,acg,838,30,127826a4b2651c2a
Lyme Disease Additional Context Medication Codes,7.0.0,acg,3388,0,3d625c5898592063
Lyme Disease Reporting Specification Grouper,20241008,rsg,624,207,b6c9f36d2c0ee6bc
Lyme Disease Reporting Specification Grouper,20250328,rsg,658,213,e4dea770b51b377e
Lyme Disease Reporting Specification Grouper,20250829,rsg,658,213,e4dea770b51b377e
Lyme Disease Reporting Specification Grouper,20250829,rsg,658,213,e4dea770b51b377e
Lyme Disease Reporting Specification Grouper,20250829,rsg,658,213,e4dea770b51b377e
Lyme Disease Reporting Specification Grouper,20260327,rsg,671,228,823130ba4f602e39
Lyme Disease Reporting Specification Grouper,20260731,rsg,675,230,554f8dd1e5d4b8d4
Lyme disease Additional Context Diagnosis Codes,2.0.0,acg,2,0,b568c4ade2879c23
Lyme disease Additional Context Diagnosis Codes,3.0.0,acg,2,0,b568c4ade2879c23
Lyme disease Additional Context Diagnosis Codes,4.0.0,acg,2,0,b568c4ade2879c23
Lyme disease Additional Context Diagnosis Codes,5.0.0,acg,2,0,b568c4ade2879c23
Lyme disease Additional Context Diagnosis Codes,6.0.0,acg,2,0,b568c4ade2879c23
Lyme disease Additional Context Diagnosis Codes,7.0.0,acg,1716,0,adf0ee7df9c2d4e3
Lyme disease Additional Context Symptom Codes,2.0.0,acg,44,0,8d536ae0910af094
Lyme disease Additional Context Symptom Codes,3.0.0,acg,44,0,8d536ae0910af094
Lyme disease Additional Context Symptom Codes,4.0.0,acg,41,0,010d471fe6b76e14
Lyme disease Additional Context Symptom Codes,5.0.0,acg,41,0,010d471fe6b76e14
Lyme disease Additional Context Symptom Codes,6.0.0,acg,44,0,8d536ae0910af094
Lyme disease Additional Context Symptom Codes,7.0.0,acg,4076,7,77ba38b6ba441d31
Lymphatic Filariasis Reporting Specification Grouper,20241008,rsg,578,50,697771e3002bcda1
Lymphatic Filariasis Reporting Specification Grouper,20250328,rsg,584,50,3166faf7f91040fa
Lymphatic Filariasis Reporting Specification Grouper,20250829,rsg,592,58,29f53c9cb5085804
Lymphatic Filariasis Reporting Specification Grouper,20250829,rsg,592,58,29f53c9cb5085804
Lymphatic Filariasis Reporting Specification Grouper,20250829,rsg,592,58,29f53c9cb5085804
Lymphatic Filariasis Reporting Specification Grouper,20260327,rsg,597,58,6ad3e74ad04c834f
Lymphatic Filariasis Reporting Specification Grouper,20260731,rsg,597,58,6ad3e74ad04c834f
Lymphocytic Choriomeningitis Reporting Specification Grouper,20241008,rsg,502,42,d638f7b424d669fa
Lymphocytic Choriomeningitis Reporting Specification Grouper,20250328,rsg,521,42,f6892804d5e1a399
Lymphocytic Choriomeningitis Reporting Specification Grouper,20250829,rsg,521,42,f6892804d5e1a399
Lymphocytic Choriomeningitis Reporting Specification Grouper,20250829,rsg,521,42,f6892804d5e1a399
Lymphocytic Choriomeningitis Reporting Specification Grouper,20250829,rsg,521,42,f6892804d5e1a399
Lymphocytic Choriomeningitis Reporting Specification Grouper,20260327,rsg,524,42,8a9f54b01aed1982
Lymphocytic Choriomeningitis Reporting Specification Grouper,20260731,rsg,524,42,8a9f54b01aed1982
Malaria Additional Context Specimen Source Codes,2.0.0,acg,1,0,dac0c2aca13a00e9
Malaria Additional Context Specimen Source Codes,3.0.0,acg,1,0,dac0c2aca13a00e9
Malaria Additional Context Specimen Source Codes,4.0.0,acg,1,0,dac0c2aca13a00e9
Malaria Additional Context Specimen Source Codes,5.0.0,acg,1,0,dac0c2aca13a00e9
Malaria Additional Context Specimen Source Codes,6.0.0,acg,1,0,dac0c2aca13a00e9
Malaria Additional Context Specimen Source Codes,7.0.0,acg,1,0,dac0c2aca13a00e9
Malaria Additional Context Symptom Codes,2.0.0,acg,29,0,1b4707e0d24eceb5
Malaria Additional Context Symptom Codes,3.0.0,acg,29,0,1b4707e0d24eceb5
Malaria Additional Context Symptom Codes,4.0.0,acg,29,0,1b4707e0d24eceb5
Malaria Additional Context Symptom Codes,5.0.0,acg,29,0,1b4707e0d24eceb5
Malaria Additional Context Symptom Codes,6.0.0,acg,29,0,1b4707e0d24eceb5
Malaria Additional Context Symptom Codes,7.0.0,acg,29,0,1b4707e0d24eceb5
Malaria Reporting Specification Grouper,20241008,rsg,701,165,23f5dcf69f8448e2
Malaria Reporting Specification Grouper,20250328,rsg,707,165,49af77ee1be4bbf2
Malaria Reporting Specification Grouper,20250829,rsg,698,167,49712a2cdbcb5fa6
Malaria Reporting Specification Grouper,20250829,rsg,698,167,49712a2cdbcb5fa6
Malaria Reporting Specification Grouper,20250829,rsg,698,167,49712a2cdbcb5fa6
Malaria Reporting Specification Grouper,20260327,rsg,703,167,a41902a6362251af
Malaria Reporting Specification Grouper,20260731,rsg,703,167,a41902a6362251af
Measles Additional Context Clinical Lab Result Codes,6.0.0,acg,173,2,db02c1cb424e426d
Measles Additional Context Clinical Lab Result Codes,7.0.0,acg,173,2,db02c1cb424e426d
Measles Additional Context Diagnosis Codes,6.0.0,acg,618,5,95fb2b631223e608
Measles Additional Context Diagnosis Codes,7.0.0,acg,618,5,95fb2b631223e608
Measles Additional Context Immunization Codes,2.0.0,acg,45,0,2524195f5ca3e662
Measles Additional Context Immunization Codes,3.0.0,acg,45,0,2524195f5ca3e662
Measles Additional Context Immunization Codes,4.0.0,acg,42,0,5072443bc6b713db
Measles Additional Context Immunization Codes,5.0.0,acg,42,0,5072443bc6b713db
Measles Additional Context Immunization Codes,6.0.0,acg,45,0,2524195f5ca3e662
Measles Additional Context Immunization Codes,7.0.0,acg,45,0,2524195f5ca3e662
Measles Additional Context Medication Codes,2.0.0,acg,287,0,5aa109122a2cb97c
Measles Additional Context Medication Codes,3.0.0,acg,287,0,5aa109122a2cb97c
Measles Additional Context Medication Codes,4.0.0,acg,274,0,6a6e58245781874f
Measles Additional Context Medication Codes,5.0.0,acg,274,0,6a6e58245781874f
Measles Additional Context Medication Codes,6.0.0,acg,287,0,5aa109122a2cb97c
Measles Additional Context Medication Codes,7.0.0,acg,287,0,5aa109122a2cb97c
Measles Additional Context Symptom Codes,6.0.0,acg,1250,3,a63c4b9cfef8d685
Measles Additional Context Symptom Codes,7.0.0,acg,1272,4,e668b8b931689c3c
Measles Reporting Specification Grouper,20241008,rsg,613,124,9243cf076f740a16
Measles Reporting Specification Grouper,20250328,rsg,730,124,1e5565d644ee4a33
Measles Reporting Specification Grouper,20250829,rsg,730,124,1e5565d644ee4a33
Measles Reporting Specification Grouper,20250829,rsg,730,124,1e5565d644ee4a33
Measles Reporting Specification Grouper,20250829,rsg,730,124,1e5565d644ee4a33
Measles Reporting Specification Grouper,20260327,rsg,761,124,a929e450f0f4b759
Measles Reporting Specification Grouper,20260731,rsg,768,131,af5719989976bca3
Medium-chain Acyl-CoA Dehydrogenase Deficiency Reporting Specification Grouper,20250829,rsg,81,4,68f4cfb7e3e1344e
Medium-chain Acyl-CoA Dehydrogenase Deficiency Reporting Specification Grouper,20250829,rsg,81,4,68f4cfb7e3e1344e
Medium-chain Acyl-CoA Dehydrogenase Deficiency Reporting Specification Grouper,20250829,rsg,81,4,68f4cfb7e3e1344e
Medium-chain Acyl-CoA Dehydrogenase Deficiency Reporting Specification Grouper,20260327,rsg,46,4,9b954fddd5b57973
Medium-chain Acyl-CoA Dehydrogenase Deficiency Reporting Specification Grouper,20260731,rsg,46,4,9b954fddd5b57973
Melioidosis Reporting Specification Grouper,20241008,rsg,1120,13,d02f688a396c9f24
Melioidosis Reporting Specification Grouper,20250328,rsg,1140,13,2ddcf7c1ccebdcae
Melioidosis Reporting Specification Grouper,20250829,rsg,1163,13,c33b7427dfb17b52
Melioidosis Reporting Specification Grouper,20250829,rsg,1163,13,c33b7427dfb17b52
Melioidosis Reporting Specification Grouper,20250829,rsg,1163,13,c33b7427dfb17b52
Melioidosis Reporting Specification Grouper,20260327,rsg,1170,16,0b20c3a7534f703a
Melioidosis Reporting Specification Grouper,20260731,rsg,1180,16,2c05f9f77207834d
Meningitis Reporting Specification Grouper,20241008,rsg,1772,1170,9cea2f2bcae6ad94
Meningitis Reporting Specification Grouper,20250328,rsg,1920,1299,00358ae9f873cba4
Meningitis Reporting Specification Grouper,20250829,rsg,1921,1299,e73c7131d2444515
Meningitis Reporting Specification Grouper,20250829,rsg,1921,1299,e73c7131d2444515
Meningitis Reporting Specification Grouper,20250829,rsg,1921,1299,e73c7131d2444515
Meningitis Reporting Specification Grouper,20260327,rsg,1924,1299,b660b36500b3c82a
Meningitis Reporting Specification Grouper,20260731,rsg,1924,1299,b660b36500b3c82a
Meningococcal Disease Additional Context Clinical Lab Result Codes,6.0.0,acg,28,0,ae600ee962275c0d
Meningococcal Disease Additional Context Clinical Lab Result Codes,7.0.0,acg,28,0,ae600ee962275c0d
Meningococcal Disease Additional Context Diagnosis Codes,6.0.0,acg,9963,4,af965e7808607bba
Meningococcal Disease Additional Context Diagnosis Codes,7.0.0,acg,9963,4,af965e7808607bba
Meningococcal disease Additional Context Immunization Codes,2.0.0,acg,115,0,279daec073a284a5
Meningococcal disease Additional Context Immunization Codes,3.0.0,acg,115,0,279daec073a284a5
Meningococcal disease Additional Context Immunization Codes,4.0.0,acg,78,0,89cd89a1c85ba913
Meningococcal disease Additional Context Immunization Codes,5.0.0,acg,78,0,89cd89a1c85ba913
Meningococcal disease Additional Context Immunization Codes,6.0.0,acg,115,0,279daec073a284a5
Meningococcal disease Additional Context Immunization Codes,7.0.0,acg,115,0,279daec073a284a5
Meningococcal disease Additional Context Medication Codes,2.0.0,acg,1729,0,63cbff73b9a578dd
Meningococcal disease Additional Context Medication Codes,3.0.0,acg,1729,0,63cbff73b9a578dd
Meningococcal disease Additional Context Medication Codes,4.0.0,acg,1619,0,552e6f5f42ce8512
Meningococcal disease Additional Context Medication Codes,5.0.0,acg,1619,0,552e6f5f42ce8512
Meningococcal disease Additional Context Medication Codes,6.0.0,acg,6970,0,835fbca025e39429
Meningococcal disease Additional Context Medication Codes,7.0.0,acg,6970,0,835fbca025e39429
Meningococcal disease Additional Context Symptom Codes,2.0.0,acg,11,0,fc6da817fa189c51
Meningococcal disease Additional Context Symptom Codes,3.0.0,acg,11,0,fc6da817fa189c51
Meningococcal disease Additional Context Symptom Codes,4.0.0,acg,11,0,fc6da817fa189c51
Meningococcal disease Additional Context Symptom Codes,5.0.0,acg,11,0,fc6da817fa189c51
Meningococcal disease Additional Context Symptom Codes,6.0.0,acg,2197,3,de8be9ef8ba036ac
Meningococcal disease Additional Context Symptom Codes,7.0.0,acg,2186,3,1d01908e0db50297
Meningococcal disease Reporting Specification Grouper,20241008,rsg,1032,181,52963a78937eba3d
Meningococcal disease Reporting Specification Grouper,20250328,rsg,1053,181,8c8c591c7292b4c6
Meningococcal disease Reporting Specification Grouper,20250829,rsg,1057,184,74e89287e12ee1c0
Meningococcal disease Reporting Specification Grouper,20250829,rsg,1057,184,74e89287e12ee1c0
Meningococcal disease Reporting Specification Grouper,20250829,rsg,1057,184,74e89287e12ee1c0
Meningococcal disease Reporting Specification Grouper,20260327,rsg,1060,184,c37daf002b5b2824
Meningococcal disease Reporting Specification Grouper,20260731,rsg,1058,191,1b33c1770ea64c8e
Mercury Exposure and Toxicity Reporting Specification Grouper,20241008,rsg,117,35,e33a8570ab18c7e3
Mercury Exposure and Toxicity Reporting Specification Grouper,20250328,rsg,119,37,ef7413d477217345
Mercury Exposure and Toxicity Reporting Specification Grouper,20250829,rsg,121,37,ab8dc1043431e7cc
Mercury Exposure and Toxicity Reporting Specification Grouper,20250829,rsg,121,37,ab8dc1043431e7cc
Mercury Exposure and Toxicity Reporting Specification Grouper,20250829,rsg,121,37,ab8dc1043431e7cc
Mercury Exposure and Toxicity Reporting Specification Grouper,20260327,rsg,116,37,049c3d70b7a6b24f
Mercury Exposure and Toxicity Reporting Specification Grouper,20260731,rsg,116,37,049c3d70b7a6b24f
Methemoglobinemia Reporting Specification Grouper,20241008,rsg,36,0,f58a016e9c1297fd
Methemoglobinemia Reporting Specification Grouper,20250328,rsg,36,0,f58a016e9c1297fd
Methemoglobinemia Reporting Specification Grouper,20250829,rsg,36,0,f58a016e9c1297fd
Methemoglobinemia Reporting Specification Grouper,20250829,rsg,36,0,f58a016e9c1297fd
Methemoglobinemia Reporting Specification Grouper,20250829,rsg,36,0,f58a016e9c1297fd
Methemoglobinemia Reporting Specification Grouper,20260327,rsg,36,0,f58a016e9c1297fd
Methemoglobinemia Reporting Specification Grouper,20260731,rsg,36,0,f58a016e9c1297fd
Microphthalmia Reporting Specification Grouper,20250328,rsg,32,32,48cfe8137194c0d5
Microphthalmia Reporting Specification Grouper,20250829,rsg,32,32,48cfe8137194c0d5
Microphthalmia Reporting Specification Grouper,20250829,rsg,32,32,48cfe8137194c0d5
Microphthalmia Reporting Specification Grouper,20250829,rsg,32,32,48cfe8137194c0d5
Microphthalmia Reporting Specification Grouper,20260327,rsg,32,32,48cfe8137194c0d5
Microphthalmia Reporting Specification Grouper,20260731,rsg,32,32,48cfe8137194c0d5
Microtia Reporting Specification Grouper,20250328,rsg,10,10,86f933eb442636d1
Microtia Reporting Specification Grouper,20250829,rsg,10,10,86f933eb442636d1
Microtia Reporting Specification Grouper,20250829,rsg,10,10,86f933eb442636d1
Microtia Reporting Specification Grouper,20250829,rsg,10,10,86f933eb442636d1
Microtia Reporting Specification Grouper,20260327,rsg,10,10,86f933eb442636d1
Microtia Reporting Specification Grouper,20260731,rsg,10,10,86f933eb442636d1
Middle East Respiratory Syndrome (MERS) Additional Context Diagnosis Codes,2.0.0,acg,27,0,3503c256ed973a77
Middle East Respiratory Syndrome (MERS) Additional Context Diagnosis Codes,3.0.0,acg,27,0,3503c256ed973a77
Middle East Respiratory Syndrome (MERS) Additional Context Diagnosis Codes,4.0.0,acg,8,0,6579260997589509
Middle East Respiratory Syndrome (MERS) Additional Context Diagnosis Codes,5.0.0,acg,8,0,6579260997589509
Middle East Respiratory Syndrome (MERS) Additional Context Diagnosis Codes,6.0.0,acg,27,0,3503c256ed973a77
Middle East Respiratory Syndrome (MERS) Additional Context Diagnosis Codes,7.0.0,acg,27,0,3503c256ed973a77
Middle East Respiratory Syndrome (MERS) Additional Context Medication Codes,2.0.0,acg,614,0,ba5ab1ca2eeac8cb
Middle East Respiratory Syndrome (MERS) Additional Context Medication Codes,3.0.0,acg,614,0,ba5ab1ca2eeac8cb
Middle East Respiratory Syndrome (MERS) Additional Context Medication Codes,4.0.0,acg,527,0,1faf83fcfdfd3057
Middle East Respiratory Syndrome (MERS) Additional Context Medication Codes,5.0.0,acg,527,0,1faf83fcfdfd3057
Middle East Respiratory Syndrome (MERS) Additional Context Medication Codes,6.0.0,acg,614,0,ba5ab1ca2eeac8cb
Middle East Respiratory Syndrome (MERS) Additional Context Medication Codes,7.0.0,acg,614,0,ba5ab1ca2eeac8cb
Middle East Respiratory Syndrome (MERS) Additional Context Specimen Source Codes,2.0.0,acg,3,0,8d9741deca8ff2b8
Middle East Respiratory Syndrome (MERS) Additional Context Specimen Source Codes,3.0.0,acg,3,0,8d9741deca8ff2b8
Middle East Respiratory Syndrome (MERS) Additional Context Specimen Source Codes,4.0.0,acg,2,0,6934c0a03269854d
Middle East Respiratory Syndrome (MERS) Additional Context Specimen Source Codes,5.0.0,acg,2,0,6934c0a03269854d
Middle East Respiratory Syndrome (MERS) Additional Context Specimen Source Codes,6.0.0,acg,3,0,8d9741deca8ff2b8
Middle East Respiratory Syndrome (MERS) Additional Context Specimen Source Codes,7.0.0,acg,3,0,8d9741deca8ff2b8
Middle East Respiratory Syndrome (MERS) Additional Context Symptom Codes,2.0.0,acg,99,0,d174fd7e86fd6a64
Middle East Respiratory Syndrome (MERS) Additional Context Symptom Codes,3.0.0,acg,99,0,d174fd7e86fd6a64
Middle East Respiratory Syndrome (MERS) Additional Context Symptom Codes,4.0.0,acg,97,0,5663b165828d7682
Middle East Respiratory Syndrome (MERS) Additional Context Symptom Codes,5.0.0,acg,97,0,5663b165828d7682
Middle East Respiratory Syndrome (MERS) Additional Context Symptom Codes,6.0.0,acg,99,0,d174fd7e86fd6a64
Middle East Respiratory Syndrome (MERS) Additional Context Symptom Codes,7.0.0,acg,99,0,d174fd7e86fd6a64
Middle East Respiratory Syndrome (MERS) Reporting Specification Grouper,20241008,rsg,358,17,c6c37b8c8ceabf4a
Middle East Respiratory Syndrome (MERS) Reporting Specification Grouper,20250328,rsg,358,17,c6c37b8c8ceabf4a
Middle East Respiratory Syndrome (MERS) Reporting Specification Grouper,20250829,rsg,362,18,fd9063b822b6c06c
Middle East Respiratory Syndrome (MERS) Reporting Specification Grouper,20250829,rsg,362,18,fd9063b822b6c06c
Middle East Respiratory Syndrome (MERS) Reporting Specification Grouper,20250829,rsg,362,18,fd9063b822b6c06c
Middle East Respiratory Syndrome (MERS) Reporting Specification Grouper,20260327,rsg,364,19,41b5d68809e5bfed
Middle East Respiratory Syndrome (MERS) Reporting Specification Grouper,20260731,rsg,364,19,41b5d68809e5bfed
Motor Vehicle Injury Reporting Specification Grouper,20241008,rsg,1409,0,f2b29a485c7e670c
Motor Vehicle Injury Reporting Specification Grouper,20250328,rsg,1409,0,f2b29a485c7e670c
Motor Vehicle Injury Reporting Specification Grouper,20250829,rsg,1409,0,f2b29a485c7e670c
Motor Vehicle Injury Reporting Specification Grouper,20250829,rsg,1409,0,f2b29a485c7e670c
Motor Vehicle Injury Reporting Specification Grouper,20250829,rsg,1409,0,f2b29a485c7e670c
Motor Vehicle Injury Reporting Specification Grouper,20260327,rsg,1409,0,f2b29a485c7e670c
Motor Vehicle Injury Reporting Specification Grouper,20260731,rsg,1409,0,f2b29a485c7e670c
Mpox Additional Context Diagnosis Codes,2.0.0,acg,1,0,1d6bee27adfd9132
Mpox Additional Context Diagnosis Codes,3.0.0,acg,1,0,1d6bee27adfd9132
Mpox Additional Context Diagnosis Codes,4.0.0,acg,1,0,1d6bee27adfd9132
Mpox Additional Context Diagnosis Codes,5.0.0,acg,1,0,1d6bee27adfd9132
Mpox Additional Context Diagnosis Codes,6.0.0,acg,1,0,1d6bee27adfd9132
Mpox Additional Context Diagnosis Codes,7.0.0,acg,1,0,1d6bee27adfd9132
Mpox Additional Context Immunization Codes,2.0.0,acg,24,0,042df52d53e316ec
Mpox Additional Context Immunization Codes,3.0.0,acg,24,0,042df52d53e316ec
Mpox Additional Context Immunization Codes,4.0.0,acg,21,0,f646fc5d46cf0ae2
Mpox Additional Context Immunization Codes,5.0.0,acg,21,0,f646fc5d46cf0ae2
Mpox Additional Context Immunization Codes,6.0.0,acg,24,0,042df52d53e316ec
Mpox Additional Context Immunization Codes,7.0.0,acg,24,0,042df52d53e316ec
Mpox Additional Context Medication Codes,2.0.0,acg,63,0,34754950d5729ee8
Mpox Additional Context Medication Codes,3.0.0,acg,63,0,34754950d5729ee8
Mpox Additional Context Medication Codes,4.0.0,acg,62,0,5f3c50887e170815
Mpox Additional Context Medication Codes,5.0.0,acg,62,0,5f3c50887e170815
Mpox Additional Context Medication Codes,6.0.0,acg,63,0,34754950d5729ee8
Mpox Additional Context Medication Codes,7.0.0,acg,63,0,34754950d5729ee8
Mpox Additional Context Symptom Codes,2.0.0,acg,26,0,6e4f1ebe83b7fc04
Mpox Additional Context Symptom Codes,3.0.0,acg,26,0,6e4f1ebe83b7fc04
Mpox Additional Context Symptom Codes,4.0.0,acg,25,0,50c3077c5f22e860
Mpox Additional Context Symptom Codes,5.0.0,acg,25,0,50c3077c5f22e860
Mpox Additional Context Symptom Codes,6.0.0,acg,26,0,6e4f1ebe83b7fc04
Mpox Additional Context Symptom Codes,7.0.0,acg,26,0,6e4f1ebe83b7fc04
Mpox Reporting Specification Grouper,20241008,rsg,823,28,1a505cd72c2cdf46
Mpox Reporting Specification Grouper,20250328,rsg,851,29,2b952fa33caaae48
Mpox Reporting Specification Grouper,20250829,rsg,851,29,2b952fa33caaae48
Mpox Reporting Specification Grouper,20250829,rsg,851,29,2b952fa33caaae48
Mpox Reporting Specification Grouper,20250829,rsg,851,29,2b952fa33caaae48
Mpox Reporting Specification Grouper,20260327,rsg,857,32,cf805bf38f20c8ca
Mpox Reporting Specification Grouper,20260731,rsg,858,33,042889457b815549
Multisystem Inflammatory Syndrome in Adults (MIS-A) Reporting Specification Grouper,20241008,rsg,3,3,ff929324b7cc79f1
Multisystem Inflammatory Syndrome in Adults (MIS-A) Reporting Specification Grouper,20250328,rsg,3,3,ff929324b7cc79f1
Multisystem Inflammatory Syndrome in Adults (MIS-A) Reporting Specification Grouper,20250829,rsg,3,3,ff929324b7cc79f1
Multisystem Inflammatory Syndrome in Adults (MIS-A) Reporting Specification Grouper,20250829,rsg,3,3,ff929324b7cc79f1
Multisystem Inflammatory Syndrome in Adults (MIS-A) Reporting Specification Grouper,20250829,rsg,3,3,ff929324b7cc79f1
Multisystem Inflammatory Syndrome in Adults (MIS-A) Reporting Specification Grouper,20260327,rsg,3,3,ff929324b7cc79f1
Multisystem Inflammatory Syndrome in Adults (MIS-A) Reporting Specification Grouper,20260731,rsg,3,3,ff929324b7cc79f1
Multisystem Inflammatory Syndrome in Children (MIS-C) Reporting Specification Grouper,20241008,rsg,1026,134,3a6deecccedeb26b
Multisystem Inflammatory Syndrome in Children (MIS-C) Reporting Specification Grouper,20250328,rsg,1024,130,b9521543b6120000
Multisystem Inflammatory Syndrome in Children (MIS-C) Reporting Specification Grouper,20250829,rsg,1054,144,ac71200b71874704
Multisystem Inflammatory Syndrome in Children (MIS-C) Reporting Specification Grouper,20250829,rsg,1054,144,ac71200b71874704
Multisystem Inflammatory Syndrome in Children (MIS-C) Reporting Specification Grouper,20250829,rsg,1054,144,ac71200b71874704
Multisystem Inflammatory Syndrome in Children (MIS-C) Reporting Specification Grouper,20260327,rsg,1084,144,f24fcee67d82e0c4
Multisystem Inflammatory Syndrome in Children (MIS-C) Reporting Specification Grouper,20260731,rsg,1104,164,7ed3d333b95f125f
Mumps Additional Context Clinical Lab Result Codes,6.0.0,acg,74,0,ec4ccdaaa03e46e0
Mumps Additional Context Clinical Lab Result Codes,7.0.0,acg,74,0,ec4ccdaaa03e46e0
Mumps Additional Context Diagnosis Codes,6.0.0,acg,767,0,038d5d83de0990bb
Mumps Additional Context Diagnosis Codes,7.0.0,acg,767,0,038d5d83de0990bb
Mumps Additional Context Immunization Codes,2.0.0,acg,49,0,6b2dc7de8081f86c
Mumps Additional Context Immunization Codes,3.0.0,acg,49,0,6b2dc7de8081f86c
Mumps Additional Context Immunization Codes,4.0.0,acg,46,0,f5da486d11f6e040
Mumps Additional Context Immunization Codes,5.0.0,acg,46,0,f5da486d11f6e040
Mumps Additional Context Immunization Codes,6.0.0,acg,49,0,6b2dc7de8081f86c
Mumps Additional Context Immunization Codes,7.0.0,acg,49,0,6b2dc7de8081f86c
Mumps Additional Context Medication Codes,2.0.0,acg,47,0,5724028a801761de
Mumps Additional Context Medication Codes,3.0.0,acg,47,0,5724028a801761de
Mumps Additional Context Medication Codes,4.0.0,acg,36,0,67db57b889cd20cc
Mumps Additional Context Medication Codes,5.0.0,acg,36,0,67db57b889cd20cc
Mumps Additional Context Medication Codes,6.0.0,acg,47,0,5724028a801761de
Mumps Additional Context Medication Codes,7.0.0,acg,47,0,5724028a801761de
Mumps Additional Context Symptom Codes,2.0.0,acg,1,0,35b5561eb74cabc1
Mumps Additional Context Symptom Codes,3.0.0,acg,1,0,35b5561eb74cabc1
Mumps Additional Context Symptom Codes,4.0.0,acg,1,0,35b5561eb74cabc1
Mumps Additional Context Symptom Codes,5.0.0,acg,1,0,35b5561eb74cabc1
Mumps Additional Context Symptom Codes,6.0.0,acg,1315,5,4f7ab32062072adf
Mumps Additional Context Symptom Codes,7.0.0,acg,1336,5,14b362efe6b5cd46
Mumps Reporting Specification Grouper,20241008,rsg,1153,125,1788ad1052f0fe0d
Mumps Reporting Specification Grouper,20250328,rsg,1190,127,9d8ce290ba25f8ff
Mumps Reporting Specification Grouper,20250829,rsg,1190,127,9d8ce290ba25f8ff
Mumps Reporting Specification Grouper,20250829,rsg,1190,127,9d8ce290ba25f8ff
Mumps Reporting Specification Grouper,20250829,rsg,1190,127,9d8ce290ba25f8ff
Mumps Reporting Specification Grouper,20260327,rsg,1193,127,dddbb8bd99a4790d
Mumps Reporting Specification Grouper,20260731,rsg,1205,127,13271a38f27635dd
Naegleria fowleri Primary Amebic Meningoencephalitis Reporting Specification Grouper,20241008,rsg,1178,15,233671b3ee1c4390
Naegleria fowleri Primary Amebic Meningoencephalitis Reporting Specification Grouper,20250328,rsg,1185,15,5476773b10c7885f
Naegleria fowleri Primary Amebic Meningoencephalitis Reporting Specification Grouper,20250829,rsg,1185,15,5476773b10c7885f
Naegleria fowleri Primary Amebic Meningoencephalitis Reporting Specification Grouper,20250829,rsg,1185,15,5476773b10c7885f
Naegleria fowleri Primary Amebic Meningoencephalitis Reporting Specification Grouper,20250829,rsg,1185,15,5476773b10c7885f
Naegleria fowleri Primary Amebic Meningoencephalitis Reporting Specification Grouper,20260327,rsg,1193,17,8802dc3c6b2a32f9
Naegleria fowleri Primary Amebic Meningoencephalitis Reporting Specification Grouper,20260731,rsg,1206,17,52940007ae172478
Neonatal Abstinence Syndrome Reporting Specification Grouper,20241008,rsg,3746,5,319bde94658bf94c
Neonatal Abstinence Syndrome Reporting Specification Grouper,20250328,rsg,4039,5,a7a6ec66ba7198cf
Neonatal Abstinence Syndrome Reporting Specification Grouper,20250829,rsg,4040,5,1d4b149866f5153d
Neonatal Abstinence Syndrome Reporting Specification Grouper,20250829,rsg,4040,5,1d4b149866f5153d
Neonatal Abstinence Syndrome Reporting Specification Grouper,20250829,rsg,4040,5,1d4b149866f5153d
Neonatal Abstinence Syndrome Reporting Specification Grouper,20260327,rsg,4041,5,5d55d5b38af05edf
Neonatal Abstinence Syndrome Reporting Specification Grouper,20260731,rsg,4041,5,5d55d5b38af05edf
Nipah Virus Infection Reporting Specification Grouper,20241008,rsg,31,3,4bbda12449bdf857
Nipah Virus Infection Reporting Specification Grouper,20250328,rsg,35,3,d6c7e337c3f75213
Nipah Virus Infection Reporting Specification Grouper,20250829,rsg,35,3,d6c7e337c3f75213
Nipah Virus Infection Reporting Specification Grouper,20250829,rsg,35,3,d6c7e337c3f75213
Nipah Virus Infection Reporting Specification Grouper,20250829,rsg,35,3,d6c7e337c3f75213
Nipah Virus Infection Reporting Specification Grouper,20260327,rsg,37,3,d9b3114204309d8b
Nipah Virus Infection Reporting Specification Grouper,20260731,rsg,37,3,d9b3114204309d8b
Non-Polio Enterovirus Infection Additional Context Clinical Lab Result Codes,7.0.0,acg,438,0,a9b7a63cbbb0c9c0
Non-Polio Enterovirus Infection Additional Context Diagnosis Codes,7.0.0,acg,2394,7,6ea902d7b6823b25
Non-Polio Enterovirus Infection Additional Context Immunization Codes,7.0.0,acg,89,0,529a19106c3248eb
Non-Polio Enterovirus Infection Additional Context Medication Codes,7.0.0,acg,2781,0,54f7189ee9e12360
Non-Polio Enterovirus Infection Additional Context Symptom Codes,7.0.0,acg,540,0,d203fa38aa01f6a1
Non-Polio Enterovirus Infection Reporting Specification Grouper,20241008,rsg,783,364,64671c73ece8c6ca
Non-Polio Enterovirus Infection Reporting Specification Grouper,20250328,rsg,802,364,1a23ad0e3eefe662
Non-Polio Enterovirus Infection Reporting Specification Grouper,20250829,rsg,806,368,127706fd25da33c7
Non-Polio Enterovirus Infection Reporting Specification Grouper,20250829,rsg,806,368,127706fd25da33c7
Non-Polio Enterovirus Infection Reporting Specification Grouper,20250829,rsg,806,368,127706fd25da33c7
Non-Polio Enterovirus Infection Reporting Specification Grouper,20260327,rsg,809,368,54d6ffef45a2bf61
Non-Polio Enterovirus Infection Reporting Specification Grouper,20260731,rsg,831,390,f990f2237f42733e
Non-Streptococcal Toxic Shock Syndrome Reporting Specification Grouper,20241008,rsg,5,5,6d6d48a463e10b66
Non-Streptococcal Toxic Shock Syndrome Reporting Specification Grouper,20250328,rsg,5,5,6d6d48a463e10b66
Non-Streptococcal Toxic Shock Syndrome Reporting Specification Grouper,20250829,rsg,5,5,6d6d48a463e10b66
Non-Streptococcal Toxic Shock Syndrome Reporting Specification Grouper,20250829,rsg,5,5,6d6d48a463e10b66
Non-Streptococcal Toxic Shock Syndrome Reporting Specification Grouper,20250829,rsg,5,5,6d6d48a463e10b66
Non-Streptococcal Toxic Shock Syndrome Reporting Specification Grouper,20260327,rsg,5,5,6d6d48a463e10b66
Non-Streptococcal Toxic Shock Syndrome Reporting Specification Grouper,20260731,rsg,5,5,6d6d48a463e10b66
Non-pestis Yersiniosis Reporting Specification Grouper,20241008,rsg,746,109,b927df731c01c8d9
Non-pestis Yersiniosis Reporting Specification Grouper,20250328,rsg,767,111,e513c187e24233e6
Non-pestis Yersiniosis Reporting Specification Grouper,20250829,rsg,781,111,195e2eaf73e8cd5a
Non-pestis Yersiniosis Reporting Specification Grouper,20250829,rsg,781,111,195e2eaf73e8cd5a
Non-pestis Yersiniosis Reporting Specification Grouper,20250829,rsg,781,111,195e2eaf73e8cd5a
Non-pestis Yersiniosis Reporting Specification Grouper,20260327,rsg,792,119,266d423979b98f76
Non-pestis Yersiniosis Reporting Specification Grouper,20260731,rsg,793,119,10b03706a8bbedfe
Nongonococcal Urethritis Additional Context Medication Codes,2.0.0,acg,253,0,47d3c3946d594fdd
Nongonococcal Urethritis Additional Context Medication Codes,3.0.0,acg,253,0,47d3c3946d594fdd
Nongonococcal Urethritis Additional Context Medication Codes,4.0.0,acg,218,0,04f82bd5844a293a
Nongonococcal Urethritis Additional Context Medication Codes,5.0.0,acg,218,0,04f82bd5844a293a
Nongonococcal Urethritis Additional Context Medication Codes,6.0.0,acg,253,0,47d3c3946d594fdd
Nongonococcal Urethritis Additional Context Medication Codes,7.0.0,acg,253,0,47d3c3946d594fdd
Nongonococcal Urethritis Reporting Specification Grouper,20241008,rsg,151,14,356c368ba795f16a
Nongonococcal Urethritis Reporting Specification Grouper,20250328,rsg,135,14,34a5e457ce30247c
Nongonococcal Urethritis Reporting Specification Grouper,20250829,rsg,138,14,6292e94ef8ed7102
Nongonococcal Urethritis Reporting Specification Grouper,20250829,rsg,138,14,6292e94ef8ed7102
Nongonococcal Urethritis Reporting Specification Grouper,20250829,rsg,138,14,6292e94ef8ed7102
Nongonococcal Urethritis Reporting Specification Grouper,20260327,rsg,138,14,6292e94ef8ed7102
Nongonococcal Urethritis Reporting Specification Grouper,20260731,rsg,139,14,0a21cf3dc9e4f7b8
"Nontuberculous Mycobacteria Infection, Extrapulmonary Reporting Specification Grouper",20241008,rsg,1190,374,f303f090da57a539
"Nontuberculous Mycobacteria Infection, Extrapulmonary Reporting Specification Grouper",20250328,rsg,1392,382,3cc7f55665a0fb71
"Nontuberculous Mycobacteria Infection, Extrapulmonary Reporting Specification Grouper",20250829,rsg,1393,386,243a707c36816c54
"Nontuberculous Mycobacteria Infection, Extrapulmonary Reporting Specification Grouper",20250829,rsg,1393,386,243a707c36816c54
"Nontuberculous Mycobacteria Infection, Extrapulmonary Reporting Specification Grouper",20250829,rsg,1393,386,243a707c36816c54
"Nontuberculous Mycobacteria Infection, Extrapulmonary Reporting Specification Grouper",20260327,rsg,1468,460,88b717800123c82a
"Nontuberculous Mycobacteria Infection, Extrapulmonary Reporting Specification Grouper",20260731,rsg,1489,482,8fdb2ec6c7cb658d
"Nontuberculous Mycobacteria Infection, Pulmonary Reporting Specification Grouper",20241008,rsg,784,275,3a3e8cea1fb757d1
"Nontuberculous Mycobacteria Infection, Pulmonary Reporting Specification Grouper",20250328,rsg,803,275,d3a86d14fefa7c19
"Nontuberculous Mycobacteria Infection, Pulmonary Reporting Specification Grouper",20250829,rsg,803,275,d3a86d14fefa7c19
"Nontuberculous Mycobacteria Infection, Pulmonary Reporting Specification Grouper",20250829,rsg,803,275,d3a86d14fefa7c19
"Nontuberculous Mycobacteria Infection, Pulmonary Reporting Specification Grouper",20250829,rsg,803,275,d3a86d14fefa7c19
"Nontuberculous Mycobacteria Infection, Pulmonary Reporting Specification Grouper",20260327,rsg,805,275,d5aa6022a8b483e7
"Nontuberculous Mycobacteria Infection, Pulmonary Reporting Specification Grouper",20260731,rsg,842,312,efc90f64396dc59a
Norovirus Infection Additional Context Clinical Lab Result Codes,7.0.0,acg,2,0,521376e4728a2ee0
Norovirus Infection Additional Context Diagnosis Codes,7.0.0,acg,15,0,2456de74878f0f9e
Norovirus Infection Additional Context Medication Codes,7.0.0,acg,3388,0,3d625c5898592063
Norovirus Infection Additional Context Specimen Source Codes,2.0.0,acg,1,0,9ec88e289ae04ccf
Norovirus Infection Additional Context Specimen Source Codes,3.0.0,acg,1,0,9ec88e289ae04ccf
Norovirus Infection Additional Context Specimen Source Codes,4.0.0,acg,1,0,9ec88e289ae04ccf
Norovirus Infection Additional Context Specimen Source Codes,5.0.0,acg,1,0,9ec88e289ae04ccf
Norovirus Infection Additional Context Specimen Source Codes,6.0.0,acg,1,0,9ec88e289ae04ccf
Norovirus Infection Additional Context Specimen Source Codes,7.0.0,acg,1,0,9ec88e289ae04ccf
Norovirus Infection Additional Context Symptom Codes,2.0.0,acg,2,0,0a33a193064d553b
Norovirus Infection Additional Context Symptom Codes,3.0.0,acg,2,0,0a33a193064d553b
Norovirus Infection Additional Context Symptom Codes,4.0.0,acg,2,0,0a33a193064d553b
Norovirus Infection Additional Context Symptom Codes,5.0.0,acg,2,0,0a33a193064d553b
Norovirus Infection Additional Context Symptom Codes,6.0.0,acg,2,0,0a33a193064d553b
Norovirus Infection Additional Context Symptom Codes,7.0.0,acg,395,0,5a0522170a7340e6
Norovirus infection Reporting Specification Grouper,20241008,rsg,279,33,43fe1b227b8bbd75
Norovirus infection Reporting Specification Grouper,20250328,rsg,281,35,17a76682a4ea9b30
Norovirus infection Reporting Specification Grouper,20250829,rsg,294,35,2a7688031cf1cffe
Norovirus infection Reporting Specification Grouper,20250829,rsg,294,35,2a7688031cf1cffe
Norovirus infection Reporting Specification Grouper,20250829,rsg,294,35,2a7688031cf1cffe
Norovirus infection Reporting Specification Grouper,20260327,rsg,295,35,9e278564ecc57ee5
Norovirus infection Reporting Specification Grouper,20260731,rsg,295,35,9e278564ecc57ee5
Novel Influenza A Virus Infection Reporting Specification Grouper,20241008,rsg,879,289,4c302f11a8ead2c1
Novel Influenza A Virus Infection Reporting Specification Grouper,20250328,rsg,1267,309,2f58bc1e6f9fa06c
Novel Influenza A Virus Infection Reporting Specification Grouper,20250829,rsg,1283,316,1c8a4260f6afcdbc
Novel Influenza A Virus Infection Reporting Specification Grouper,20250829,rsg,1283,316,1c8a4260f6afcdbc
Novel Influenza A Virus Infection Reporting Specification Grouper,20250829,rsg,1283,316,1c8a4260f6afcdbc
Novel Influenza A Virus Infection Reporting Specification Grouper,20260327,rsg,1491,363,78a93cd690d34380
Novel Influenza A Virus Infection Reporting Specification Grouper,20260731,rsg,1495,367,a61f3f2e0dd424ac
Novel Influenza A Virus Infections Reporting Specification Grouper,20241008,rsg,550,288,917086671bfec86e
Novel Influenza A Virus Infections Reporting Specification Grouper,20250328,rsg,570,308,1f7b4e5a3d297f6b
Novel Influenza A Virus Infections Reporting Specification Grouper,20250829,rsg,579,315,a351f88066e15331
Novel Influenza A Virus Infections Reporting Specification Grouper,20250829,rsg,579,315,a351f88066e15331
Novel Influenza A Virus Infections Reporting Specification Grouper,20250829,rsg,579,315,a351f88066e15331
Novel Influenza A Virus Infections Reporting Specification Grouper,20260327,rsg,594,329,b5d881b4743cd756
Novel Influenza A Virus Infections Reporting Specification Grouper,20260731,rsg,598,333,2cde7c4949399e3d
Omphalocele Reporting Specification Grouper,20250829,rsg,11,6,d99ea1bb419b3917
Omphalocele Reporting Specification Grouper,20250829,rsg,11,6,d99ea1bb419b3917
Omphalocele Reporting Specification Grouper,20250829,rsg,11,6,d99ea1bb419b3917
Omphalocele Reporting Specification Grouper,20260327,rsg,11,6,d99ea1bb419b3917
Omphalocele Reporting Specification Grouper,20260731,rsg,6,6,ccdf80640f6cc35d
Ophthalmia Neonatorum Reporting Specification Grouper,20241008,rsg,75,19,a47c1d0f3e7f0229
Ophthalmia Neonatorum Reporting Specification Grouper,20250328,rsg,75,19,a47c1d0f3e7f0229
Ophthalmia Neonatorum Reporting Specification Grouper,20250829,rsg,78,22,b3268268c89e5e03
Ophthalmia Neonatorum Reporting Specification Grouper,20250829,rsg,78,22,b3268268c89e5e03
Ophthalmia Neonatorum Reporting Specification Grouper,20250829,rsg,78,22,b3268268c89e5e03
Ophthalmia Neonatorum Reporting Specification Grouper,20260327,rsg,78,22,b3268268c89e5e03
Ophthalmia Neonatorum Reporting Specification Grouper,20260731,rsg,78,22,b3268268c89e5e03
Opioid Overdose and Poisoning Reporting Specification Grouper,20241008,rsg,953,668,0948f1544f498396
Opioid Overdose and Poisoning Reporting Specification Grouper,20250328,rsg,1004,707,f6ecd3ac46ff271e
Opioid Overdose and Poisoning Reporting Specification Grouper,20250829,rsg,1005,707,f72806604d8ead7b
Opioid Overdose and Poisoning Reporting Specification Grouper,20250829,rsg,1005,707,f72806604d8ead7b
Opioid Overdose and Poisoning Reporting Specification Grouper,20250829,rsg,1005,707,f72806604d8ead7b
Opioid Overdose and Poisoning Reporting Specification Grouper,20260327,rsg,1208,944,588c204d15491ae9
Opioid Overdose and Poisoning Reporting Specification Grouper,20260731,rsg,1210,946,028fe054fd305bc6
Oropouche Virus Disease Reporting Specification Grouper,20250829,rsg,1756,6,d0e9fed282957041
Oropouche Virus Disease Reporting Specification Grouper,20250829,rsg,1756,6,d0e9fed282957041
Oropouche Virus Disease Reporting Specification Grouper,20250829,rsg,1756,6,d0e9fed282957041
Oropouche Virus Disease Reporting Specification Grouper,20260327,rsg,1967,6,3915ee683511b1a5
Oropouche Virus Disease Reporting Specification Grouper,20260731,rsg,1967,6,3915ee683511b1a5
Orthopoxvirus Disease Reporting Specification Grouper,20241008,rsg,118,51,60776e68370f4e29
Orthopoxvirus Disease Reporting Specification Grouper,20250328,rsg,120,52,01ac121f7aa6dd14
Orthopoxvirus Disease Reporting Specification Grouper,20250829,rsg,120,52,01ac121f7aa6dd14
Orthopoxvirus Disease Reporting Specification Grouper,20250829,rsg,120,52,01ac121f7aa6dd14
Orthopoxvirus Disease Reporting Specification Grouper,20250829,rsg,120,52,01ac121f7aa6dd14
Orthopoxvirus Disease Reporting Specification Grouper,20260327,rsg,124,52,9edfe897bf200619
Orthopoxvirus Disease Reporting Specification Grouper,20260731,rsg,124,52,9edfe897bf200619
Parkinson's disease Reporting Specification Grouper,20241008,rsg,106,106,31f51c8b98275aff
Parkinson's disease Reporting Specification Grouper,20250328,rsg,111,111,c6c351531b8dfc79
Parkinson's disease Reporting Specification Grouper,20250829,rsg,111,111,c6c351531b8dfc79
Parkinson's disease Reporting Specification Grouper,20250829,rsg,111,111,c6c351531b8dfc79
Parkinson's disease Reporting Specification Grouper,20250829,rsg,111,111,c6c351531b8dfc79
Parkinson's disease Reporting Specification Grouper,20260327,rsg,126,126,deb6df54ba8750d4
Parkinson's disease Reporting Specification Grouper,20260731,rsg,126,126,deb6df54ba8750d4
Pelvic Inflammatory Disease Additional Context Medication Codes,2.0.0,acg,356,0,276c9627f7d8a156
Pelvic Inflammatory Disease Additional Context Medication Codes,3.0.0,acg,356,0,276c9627f7d8a156
Pelvic Inflammatory Disease Additional Context Medication Codes,4.0.0,acg,321,0,2980b34e7c493c14
Pelvic Inflammatory Disease Additional Context Medication Codes,5.0.0,acg,321,0,2980b34e7c493c14
Pelvic Inflammatory Disease Additional Context Medication Codes,6.0.0,acg,356,0,276c9627f7d8a156
Pelvic Inflammatory Disease Additional Context Medication Codes,7.0.0,acg,356,0,276c9627f7d8a156
Pelvic Inflammatory Disease Reporting Specification Grouper,20241008,rsg,1386,161,3da5f0682af91b76
Pelvic Inflammatory Disease Reporting Specification Grouper,20250328,rsg,1412,162,5f7c05a5ce059984
Pelvic Inflammatory Disease Reporting Specification Grouper,20250829,rsg,1483,162,b2dea9a9bfc59d37
Pelvic Inflammatory Disease Reporting Specification Grouper,20250829,rsg,1483,162,b2dea9a9bfc59d37
Pelvic Inflammatory Disease Reporting Specification Grouper,20250829,rsg,1483,162,b2dea9a9bfc59d37
Pelvic Inflammatory Disease Reporting Specification Grouper,20260327,rsg,1490,162,beca91f2a4f475d0
Pelvic Inflammatory Disease Reporting Specification Grouper,20260731,rsg,1498,162,3a21431f6f2f474b
Pertussis Additional Context Diagnosis Codes,6.0.0,acg,6421,0,4ca841e0d1e94f65
Pertussis Additional Context Diagnosis Codes,7.0.0,acg,6421,0,4ca841e0d1e94f65
Pertussis Additional Context Immunization Codes,2.0.0,acg,173,0,af2d38f7593402d4
Pertussis Additional Context Immunization Codes,3.0.0,acg,173,0,af2d38f7593402d4
Pertussis Additional Context Immunization Codes,4.0.0,acg,148,0,997fefc7c35d760d
Pertussis Additional Context Immunization Codes,5.0.0,acg,148,0,997fefc7c35d760d
Pertussis Additional Context Immunization Codes,6.0.0,acg,173,0,af2d38f7593402d4
Pertussis Additional Context Immunization Codes,7.0.0,acg,173,0,af2d38f7593402d4
Pertussis Additional Context Medication Codes,2.0.0,acg,1133,0,481374d57e8270ef
Pertussis Additional Context Medication Codes,3.0.0,acg,1133,0,481374d57e8270ef
Pertussis Additional Context Medication Codes,4.0.0,acg,1056,0,8c8807b6f994aa6b
Pertussis Additional Context Medication Codes,5.0.0,acg,1056,0,8c8807b6f994aa6b
Pertussis Additional Context Medication Codes,6.0.0,acg,5558,0,fdd8c64bf7ed319e
Pertussis Additional Context Medication Codes,7.0.0,acg,5558,0,fdd8c64bf7ed319e
Pertussis Additional Context Specimen Source Codes,2.0.0,acg,8,0,55465339125f8524
Pertussis Additional Context Specimen Source Codes,3.0.0,acg,8,0,55465339125f8524
Pertussis Additional Context Specimen Source Codes,4.0.0,acg,8,0,55465339125f8524
Pertussis Additional Context Specimen Source Codes,5.0.0,acg,8,0,55465339125f8524
Pertussis Additional Context Specimen Source Codes,6.0.0,acg,8,0,55465339125f8524
Pertussis Additional Context Specimen Source Codes,7.0.0,acg,8,0,55465339125f8524
Pertussis Additional Context Symptom Codes,2.0.0,acg,22,0,f57b39fb346a7c52
Pertussis Additional Context Symptom Codes,3.0.0,acg,22,0,f57b39fb346a7c52
Pertussis Additional Context Symptom Codes,4.0.0,acg,22,0,f57b39fb346a7c52
Pertussis Additional Context Symptom Codes,5.0.0,acg,22,0,f57b39fb346a7c52
Pertussis Additional Context Symptom Codes,6.0.0,acg,495,4,6d280556256df3b7
Pertussis Additional Context Symptom Codes,7.0.0,acg,495,4,6d280556256df3b7
Pertussis Reporting Specification Grouper,20241008,rsg,600,124,2fcc809bbd2232cd
Pertussis Reporting Specification Grouper,20250328,rsg,619,124,aaebbe0c4bff48a9
Pertussis Reporting Specification Grouper,20250829,rsg,625,127,8f6468a47b3cbc3b
Pertussis Reporting Specification Grouper,20250829,rsg,625,127,8f6468a47b3cbc3b
Pertussis Reporting Specification Grouper,20250829,rsg,625,127,8f6468a47b3cbc3b
Pertussis Reporting Specification Grouper,20260327,rsg,628,127,d7f172641c7d97fc
Pertussis Reporting Specification Grouper,20260731,rsg,629,128,ad24e6b9af7a026e
Pesticide Related Illness or injury Reporting Specification Grouper,20241008,rsg,415,410,8782d8a54f4ada48
Pesticide Related Illness or injury Reporting Specification Grouper,20250328,rsg,415,410,8782d8a54f4ada48
Pesticide Related Illness or injury Reporting Specification Grouper,20250829,rsg,415,410,8782d8a54f4ada48
Pesticide Related Illness or injury Reporting Specification Grouper,20250829,rsg,415,410,8782d8a54f4ada48
Pesticide Related Illness or injury Reporting Specification Grouper,20250829,rsg,415,410,8782d8a54f4ada48
Pesticide Related Illness or injury Reporting Specification Grouper,20260327,rsg,468,468,3fcf4c68042d56f7
Pesticide Related Illness or injury Reporting Specification Grouper,20260731,rsg,468,468,3fcf4c68042d56f7
Phenylketonuria Reporting Specification Grouper,20241008,rsg,10,10,1fcc68fc1bbe59fb
Phenylketonuria Reporting Specification Grouper,20250328,rsg,10,10,1fcc68fc1bbe59fb
Phenylketonuria Reporting Specification Grouper,20250829,rsg,10,10,1fcc68fc1bbe59fb
Phenylketonuria Reporting Specification Grouper,20250829,rsg,10,10,1fcc68fc1bbe59fb
Phenylketonuria Reporting Specification Grouper,20250829,rsg,10,10,1fcc68fc1bbe59fb
Phenylketonuria Reporting Specification Grouper,20260327,rsg,10,10,1fcc68fc1bbe59fb
Phenylketonuria Reporting Specification Grouper,20260731,rsg,10,10,1fcc68fc1bbe59fb
Plague Reporting Specification Grouper,20241008,rsg,769,40,42cba8eb7370e42b
Plague Reporting Specification Grouper,20250328,rsg,790,40,3de4799e8bec9c51
Plague Reporting Specification Grouper,20250829,rsg,792,42,ccf5b55d489792ad
Plague Reporting Specification Grouper,20250829,rsg,792,42,ccf5b55d489792ad
Plague Reporting Specification Grouper,20250829,rsg,792,42,ccf5b55d489792ad
Plague Reporting Specification Grouper,20260327,rsg,795,42,468caf44c2122c04
Plague Reporting Specification Grouper,20260731,rsg,795,42,468caf44c2122c04
Poliovirus Infection Additional Context Immunization Codes,2.0.0,acg,115,0,ca8efbbb610a91a6
Poliovirus Infection Additional Context Immunization Codes,3.0.0,acg,115,0,ca8efbbb610a91a6
Poliovirus Infection Additional Context Immunization Codes,4.0.0,acg,103,0,87166d3487c9da4c
Poliovirus Infection Additional Context Immunization Codes,5.0.0,acg,103,0,87166d3487c9da4c
Poliovirus Infection Additional Context Immunization Codes,6.0.0,acg,115,0,ca8efbbb610a91a6
Poliovirus Infection Additional Context Immunization Codes,7.0.0,acg,89,0,529a19106c3248eb
Poliovirus Infection Reporting Specification Grouper,20241008,rsg,537,70,cd10307339c6e5af
Poliovirus Infection Reporting Specification Grouper,20250328,rsg,556,70,6e21a98bd1910154
Poliovirus Infection Reporting Specification Grouper,20250829,rsg,557,70,ada3cc31d0f19bdf
Poliovirus Infection Reporting Specification Grouper,20250829,rsg,557,70,ada3cc31d0f19bdf
Poliovirus Infection Reporting Specification Grouper,20250829,rsg,557,70,ada3cc31d0f19bdf
Poliovirus Infection Reporting Specification Grouper,20260327,rsg,560,70,b31d5a972bd9ffb9
Poliovirus Infection Reporting Specification Grouper,20260731,rsg,560,70,b31d5a972bd9ffb9
Powassan virus disease Additional Context Symptom Codes,2.0.0,acg,31,0,37837dc2531994c9
Powassan virus disease Additional Context Symptom Codes,3.0.0,acg,31,0,37837dc2531994c9
Powassan virus disease Additional Context Symptom Codes,4.0.0,acg,30,0,51e50a7aa7692955
Powassan virus disease Additional Context Symptom Codes,5.0.0,acg,30,0,51e50a7aa7692955
Powassan virus disease Additional Context Symptom Codes,6.0.0,acg,31,0,37837dc2531994c9
Powassan virus disease Additional Context Symptom Codes,7.0.0,acg,31,0,37837dc2531994c9
Powassan virus disease Reporting Specification Grouper,20241008,rsg,459,44,d72ffa8380a6e40c
Powassan virus disease Reporting Specification Grouper,20250328,rsg,478,44,c3b53da4c6b845fb
Powassan virus disease Reporting Specification Grouper,20250829,rsg,478,44,c3b53da4c6b845fb
Powassan virus disease Reporting Specification Grouper,20250829,rsg,478,44,c3b53da4c6b845fb
Powassan virus disease Reporting Specification Grouper,20250829,rsg,478,44,c3b53da4c6b845fb
Powassan virus disease Reporting Specification Grouper,20260327,rsg,481,44,65ebae8fac71953f
Powassan virus disease Reporting Specification Grouper,20260731,rsg,481,44,65ebae8fac71953f
Primary Congenital Hypothyroidism Reporting Specification Grouper,20241008,rsg,119,36,d614cf138ca39441
Primary Congenital Hypothyroidism Reporting Specification Grouper,20250328,rsg,119,36,d614cf138ca39441
Primary Congenital Hypothyroidism Reporting Specification Grouper,20250829,rsg,119,36,d614cf138ca39441
Primary Congenital Hypothyroidism Reporting Specification Grouper,20250829,rsg,119,36,d614cf138ca39441
Primary Congenital Hypothyroidism Reporting Specification Grouper,20250829,rsg,119,36,d614cf138ca39441
Primary Congenital Hypothyroidism Reporting Specification Grouper,20260327,rsg,119,36,d614cf138ca39441
Primary Congenital Hypothyroidism Reporting Specification Grouper,20260731,rsg,119,36,d614cf138ca39441
Prion Disease (Human) Reporting Specification Grouper,20241008,rsg,91,56,b5be042e54943d64
Prion Disease (Human) Reporting Specification Grouper,20250328,rsg,91,56,b5be042e54943d64
Prion Disease (Human) Reporting Specification Grouper,20250829,rsg,91,56,b5be042e54943d64
Prion Disease (Human) Reporting Specification Grouper,20250829,rsg,91,56,b5be042e54943d64
Prion Disease (Human) Reporting Specification Grouper,20250829,rsg,91,56,b5be042e54943d64
Prion Disease (Human) Reporting Specification Grouper,20260327,rsg,91,56,b5be042e54943d64
Prion Disease (Human) Reporting Specification Grouper,20260731,rsg,91,56,b5be042e54943d64
Psittacosis Reporting Specification Grouper,20241008,rsg,447,35,7a52f64a86bcbb86
Psittacosis Reporting Specification Grouper,20250328,rsg,466,35,b0c6c6fb8e9bfc19
Psittacosis Reporting Specification Grouper,20250829,rsg,466,35,b0c6c6fb8e9bfc19
Psittacosis Reporting Specification Grouper,20250829,rsg,466,35,b0c6c6fb8e9bfc19
Psittacosis Reporting Specification Grouper,20250829,rsg,466,35,b0c6c6fb8e9bfc19
Psittacosis Reporting Specification Grouper,20260327,rsg,469,35,f3d402c9216ed5a3
Psittacosis Reporting Specification Grouper,20260731,rsg,469,35,f3d402c9216ed5a3
Pulmonary Valve Atresia and Stenosis Reporting Specification Grouper,20241008,rsg,24,8,0b0c7da08ffb223f
Pulmonary Valve Atresia and Stenosis Reporting Specification Grouper,20250328,rsg,24,8,0b0c7da08ffb223f
Pulmonary Valve Atresia and Stenosis Reporting Specification Grouper,20250829,rsg,24,8,0b0c7da08ffb223f
Pulmonary Valve Atresia and Stenosis Reporting Specification Grouper,20250829,rsg,24,8,0b0c7da08ffb223f
Pulmonary Valve Atresia and Stenosis Reporting Specification Grouper,20250829,rsg,24,8,0b0c7da08ffb223f
Pulmonary Valve Atresia and Stenosis Reporting Specification Grouper,20260327,rsg,24,8,0b0c7da08ffb223f
Pulmonary Valve Atresia and Stenosis Reporting Specification Grouper,20260731,rsg,10,9,a24ea9c5575b7268
Q Fever Reporting Specification Grouper,20241008,rsg,720,99,7dd4fc09ee3e9838
Q Fever Reporting Specification Grouper,20250328,rsg,739,99,7bb32b5e12c5994b
Q Fever Reporting Specification Grouper,20250829,rsg,743,102,9a7d752aeb1727c7
Q Fever Reporting Specification Grouper,20250829,rsg,743,102,9a7d752aeb1727c7
Q Fever Reporting Specification Grouper,20250829,rsg,743,102,9a7d752aeb1727c7
Q Fever Reporting Specification Grouper,20260327,rsg,748,102,852cddfb150e917d
Q Fever Reporting Specification Grouper,20260731,rsg,748,102,852cddfb150e917d
RSV Additional Context Clinical Lab Result Codes,6.0.0,acg,62,0,7e45f95247d3e516
RSV Additional Context Clinical Lab Result Codes,7.0.0,acg,62,0,7e45f95247d3e516
RSV Additional Context Diagnosis Codes,6.0.0,acg,4926,0,e707ee3e216bddba
RSV Additional Context Diagnosis Codes,7.0.0,acg,4926,0,e707ee3e216bddba
RSV Additional Context Immunization Codes,6.0.0,acg,25,0,147c9d198fa17a3c
RSV Additional Context Immunization Codes,7.0.0,acg,25,0,147c9d198fa17a3c
RSV Additional Context Medication Codes,6.0.0,acg,4437,0,9e8047fd7b131a0a
RSV Additional Context Medication Codes,7.0.0,acg,4437,0,9e8047fd7b131a0a
RSV Additional Context Symptom Codes,6.0.0,acg,999,0,10809fb118d19b72
RSV Additional Context Symptom Codes,7.0.0,acg,999,0,10809fb118d19b72
Rabies (Human) Reporting Specification Grouper,20241008,rsg,521,89,254f3f402a730372
Rabies (Human) Reporting Specification Grouper,20250328,rsg,540,89,33b7b4cf62877be1
Rabies (Human) Reporting Specification Grouper,20250829,rsg,540,89,33b7b4cf62877be1
Rabies (Human) Reporting Specification Grouper,20250829,rsg,540,89,33b7b4cf62877be1
Rabies (Human) Reporting Specification Grouper,20250829,rsg,540,89,33b7b4cf62877be1
Rabies (Human) Reporting Specification Grouper,20260327,rsg,543,89,2e8adab30363352c
Rabies (Human) Reporting Specification Grouper,20260731,rsg,545,91,e26e41cad5732e31
Rectal and Large Intestinal Atresia and Stenosis Reporting Specification Grouper,20250829,rsg,17,16,8e6586271d1ad78d
Rectal and Large Intestinal Atresia and Stenosis Reporting Specification Grouper,20250829,rsg,17,16,8e6586271d1ad78d
Rectal and Large Intestinal Atresia and Stenosis Reporting Specification Grouper,20250829,rsg,17,16,8e6586271d1ad78d
Rectal and Large Intestinal Atresia and Stenosis Reporting Specification Grouper,20260327,rsg,17,16,8e6586271d1ad78d
Rectal and Large Intestinal Atresia and Stenosis Reporting Specification Grouper,20260731,rsg,24,24,9070af5286ee4878
Renal Agenesis and Hypoplasia Reporting Specification Grouper,20250328,rsg,29,25,5698db35c01a960e
Renal Agenesis and Hypoplasia Reporting Specification Grouper,20250829,rsg,29,25,5698db35c01a960e
Renal Agenesis and Hypoplasia Reporting Specification Grouper,20250829,rsg,29,25,5698db35c01a960e
Renal Agenesis and Hypoplasia Reporting Specification Grouper,20250829,rsg,29,25,5698db35c01a960e
Renal Agenesis and Hypoplasia Reporting Specification Grouper,20260327,rsg,29,25,5698db35c01a960e
Renal Agenesis and Hypoplasia Reporting Specification Grouper,20260731,rsg,26,26,3dd21d9ee5a6b3b8
Respiratory Syncytial Virus (RSV) Reporting Specification Grouper,20241008,rsg,1120,83,95089a113ca9b3f2
Respiratory Syncytial Virus (RSV) Reporting Specification Grouper,20250328,rsg,1149,93,6e6c480bf8f2aeef
Respiratory Syncytial Virus (RSV) Reporting Specification Grouper,20250829,rsg,1156,93,6863be986384cdc8
Respiratory Syncytial Virus (RSV) Reporting Specification Grouper,20250829,rsg,1156,93,6863be986384cdc8
Respiratory Syncytial Virus (RSV) Reporting Specification Grouper,20250829,rsg,1156,93,6863be986384cdc8
Respiratory Syncytial Virus (RSV) Reporting Specification Grouper,20260327,rsg,1165,98,a165bc2d8ce7e85a
Respiratory Syncytial Virus (RSV) Reporting Specification Grouper,20260731,rsg,1164,98,8b70e2faa736f7e2
Respiratory Syncytial Virus (RSV)-Associated Mortality Reporting Specification Grouper,20241008,rsg,1120,83,95089a113ca9b3f2
Respiratory Syncytial Virus (RSV)-Associated Mortality Reporting Specification Grouper,20250328,rsg,1149,93,6e6c480bf8f2aeef
Respiratory Syncytial Virus (RSV)-Associated Mortality Reporting Specification Grouper,20250829,rsg,1156,93,6863be986384cdc8
Respiratory Syncytial Virus (RSV)-Associated Mortality Reporting Specification Grouper,20250829,rsg,1156,93,6863be986384cdc8
Respiratory Syncytial Virus (RSV)-Associated Mortality Reporting Specification Grouper,20250829,rsg,1156,93,6863be986384cdc8
Respiratory Syncytial Virus (RSV)-Associated Mortality Reporting Specification Grouper,20260327,rsg,1165,98,a165bc2d8ce7e85a
Respiratory Syncytial Virus (RSV)-Associated Mortality Reporting Specification Grouper,20260731,rsg,1164,98,8b70e2faa736f7e2
Respiratory Syncytial Virus (RSV)-Associated Mortality Reporting Specification Grouper,20260731,rsg,999,99,89da6bed4ebbb7c0
Reye's Syndrome Reporting Specification Grouper,20250829,rsg,2,2,4ca08de39f67d5ec
Reye's Syndrome Reporting Specification Grouper,20250829,rsg,2,2,4ca08de39f67d5ec
Reye's Syndrome Reporting Specification Grouper,20250829,rsg,2,2,4ca08de39f67d5ec
Reye's Syndrome Reporting Specification Grouper,20260327,rsg,2,2,4ca08de39f67d5ec
Reye's Syndrome Reporting Specification Grouper,20260731,rsg,2,2,4ca08de39f67d5ec
Reye’s Syndrome Reporting Specification Grouper,20241008,rsg,2,2,4ca08de39f67d5ec
Reye’s Syndrome Reporting Specification Grouper,20250328,rsg,2,2,4ca08de39f67d5ec
Rheumatic Fever Reporting Specification Grouper,20241008,rsg,214,27,54a61c0719ab820e
Rheumatic Fever Reporting Specification Grouper,20241008,rsg,214,27,54a61c0719ab820e
Rheumatic Fever Reporting Specification Grouper,20250328,rsg,214,27,54a61c0719ab820e
Rheumatic Fever Reporting Specification Grouper,20250328,rsg,214,27,54a61c0719ab820e
Rheumatic Fever Reporting Specification Grouper,20250829,rsg,233,27,0656c31a2035dc44
Rheumatic Fever Reporting Specification Grouper,20250829,rsg,233,27,0656c31a2035dc44
Rheumatic Fever Reporting Specification Grouper,20250829,rsg,233,27,0656c31a2035dc44
Rheumatic Fever Reporting Specification Grouper,20250829,rsg,233,27,0656c31a2035dc44
Rheumatic Fever Reporting Specification Grouper,20250829,rsg,233,27,0656c31a2035dc44
Rheumatic Fever Reporting Specification Grouper,20250829,rsg,233,27,0656c31a2035dc44
Rheumatic Fever Reporting Specification Grouper,20260327,rsg,233,27,0656c31a2035dc44
Rheumatic Fever Reporting Specification Grouper,20260327,rsg,233,27,0656c31a2035dc44
Rheumatic Fever Reporting Specification Grouper,20260731,rsg,233,27,0656c31a2035dc44
Rheumatic Fever Reporting Specification Grouper,20260731,rsg,233,27,0656c31a2035dc44
Ricin Poisoning Reporting Specification Grouper,20241008,rsg,48,13,302ec2ff8f6694ab
Ricin Poisoning Reporting Specification Grouper,20250328,rsg,48,13,302ec2ff8f6694ab
Ricin Poisoning Reporting Specification Grouper,20250829,rsg,48,13,302ec2ff8f6694ab
Ricin Poisoning Reporting Specification Grouper,20250829,rsg,48,13,302ec2ff8f6694ab
Ricin Poisoning Reporting Specification Grouper,20250829,rsg,48,13,302ec2ff8f6694ab
Ricin Poisoning Reporting Specification Grouper,20260327,rsg,48,13,302ec2ff8f6694ab
Ricin Poisoning Reporting Specification Grouper,20260731,rsg,48,13,302ec2ff8f6694ab
Rotavirus Disease Reporting Specification Grouper,20241008,rsg,116,53,2459480ad0d07140
Rotavirus Disease Reporting Specification Grouper,20250328,rsg,120,53,c3ea4a2ce82d2a51
Rotavirus Disease Reporting Specification Grouper,20250829,rsg,121,54,32389d136df0e4f3
Rotavirus Disease Reporting Specification Grouper,20250829,rsg,121,54,32389d136df0e4f3
Rotavirus Disease Reporting Specification Grouper,20250829,rsg,121,54,32389d136df0e4f3
Rotavirus Disease Reporting Specification Grouper,20260327,rsg,123,54,e5a9751eb4adb2bc
Rotavirus Disease Reporting Specification Grouper,20260731,rsg,131,62,3a70a79b16e4aff6
Rubella Additional Context Clinical Lab Result Codes,6.0.0,acg,150,0,e2e55858e990247d
Rubella Additional Context Clinical Lab Result Codes,7.0.0,acg,150,0,e2e55858e990247d
Rubella Additional Context Diagnosis Codes,6.0.0,acg,775,8,11560c5fc079e57b
Rubella Additional Context Diagnosis Codes,7.0.0,acg,775,8,11560c5fc079e57b
Rubella Additional Context Immunization Codes,2.0.0,acg,46,0,956acadd1a7476f3
Rubella Additional Context Immunization Codes,3.0.0,acg,46,0,956acadd1a7476f3
Rubella Additional Context Immunization Codes,4.0.0,acg,43,0,e485022b1ee4074c
Rubella Additional Context Immunization Codes,5.0.0,acg,43,0,e485022b1ee4074c
Rubella Additional Context Immunization Codes,6.0.0,acg,46,0,956acadd1a7476f3
Rubella Additional Context Immunization Codes,7.0.0,acg,46,0,956acadd1a7476f3
Rubella Additional Context Symptom Codes,6.0.0,acg,2596,1,c5f5fa324b4197ae
Rubella Additional Context Symptom Codes,7.0.0,acg,2585,1,4bc42b64692baec0
Rubella Reporting Specification Grouper,20241008,rsg,1459,83,d9ccb23f854f574e
Rubella Reporting Specification Grouper,20250328,rsg,1492,83,9851db629bbb00bd
Rubella Reporting Specification Grouper,20250829,rsg,1626,83,519000f6a3643a9f
Rubella Reporting Specification Grouper,20250829,rsg,1626,83,519000f6a3643a9f
Rubella Reporting Specification Grouper,20250829,rsg,1626,83,519000f6a3643a9f
Rubella Reporting Specification Grouper,20260327,rsg,1658,84,d218d5ea1b500966
Rubella Reporting Specification Grouper,20260731,rsg,1650,78,2cc4ad7a777bc115
S. Paratyphi Infection Reporting Specification Grouper,20241008,rsg,636,76,ba5aac3be88de5f9
S. Paratyphi Infection Reporting Specification Grouper,20241008,rsg,504,73,f39919be29149572
S. Paratyphi Infection Reporting Specification Grouper,20250328,rsg,504,73,f39919be29149572
S. Paratyphi Infection Reporting Specification Grouper,20250328,rsg,655,76,5a3359adf18e10a9
S. Paratyphi Infection Reporting Specification Grouper,20250829,rsg,659,80,2e09135b32d300fd
S. Paratyphi Infection Reporting Specification Grouper,20250829,rsg,508,77,fb84cec7bf8d0754
S. Paratyphi Infection Reporting Specification Grouper,20250829,rsg,659,80,2e09135b32d300fd
S. Paratyphi Infection Reporting Specification Grouper,20250829,rsg,508,77,fb84cec7bf8d0754
S. Paratyphi Infection Reporting Specification Grouper,20250829,rsg,659,80,2e09135b32d300fd
S. Paratyphi Infection Reporting Specification Grouper,20250829,rsg,508,77,fb84cec7bf8d0754
S. Paratyphi Infection Reporting Specification Grouper,20260327,rsg,667,80,115eae86f7ef4e79
S. Paratyphi Infection Reporting Specification Grouper,20260327,rsg,506,77,2534fe83a1b7509b
S. Paratyphi Infection Reporting Specification Grouper,20260731,rsg,510,81,424433e68ec0dae1
S. Paratyphi Infection Reporting Specification Grouper,20260731,rsg,671,84,7473ad339e0456ab
S. Typhi Infection Reporting Specification Grouper,20241008,rsg,630,70,922b182d6869341e
S. Typhi Infection Reporting Specification Grouper,20241008,rsg,501,70,eee7f7c0c1f02cc8
S. Typhi Infection Reporting Specification Grouper,20250328,rsg,649,70,e1d5914ff15252a3
S. Typhi Infection Reporting Specification Grouper,20250328,rsg,501,70,eee7f7c0c1f02cc8
S. Typhi Infection Reporting Specification Grouper,20250829,rsg,653,74,de24db3b95cc4507
S. Typhi Infection Reporting Specification Grouper,20250829,rsg,505,74,c8a61c2ec5699082
S. Typhi Infection Reporting Specification Grouper,20250829,rsg,653,74,de24db3b95cc4507
S. Typhi Infection Reporting Specification Grouper,20250829,rsg,505,74,c8a61c2ec5699082
S. Typhi Infection Reporting Specification Grouper,20250829,rsg,653,74,de24db3b95cc4507
S. Typhi Infection Reporting Specification Grouper,20250829,rsg,505,74,c8a61c2ec5699082
S. Typhi Infection Reporting Specification Grouper,20260327,rsg,661,74,9963df90ee33c9e0
S. Typhi Infection Reporting Specification Grouper,20260327,rsg,503,74,6a88be91a67ee4b6
S. Typhi Infection Reporting Specification Grouper,20260731,rsg,503,74,6a88be91a67ee4b6
S. Typhi Infection Reporting Specification Grouper,20260731,rsg,661,74,9963df90ee33c9e0
Salmonella Additional Context Clinical Lab Result Codes,6.0.0,acg,36,0,06fa09b64df14053
Salmonella Additional Context Clinical Lab Result Codes,7.0.0,acg,36,0,06fa09b64df14053
Salmonella Additional Context Diagnosis Codes,2.0.0,acg,1,0,312c401b76f2dc5f
Salmonella Additional Context Diagnosis Codes,3.0.0,acg,1,0,312c401b76f2dc5f
Salmonella Additional Context Diagnosis Codes,4.0.0,acg,1,0,312c401b76f2dc5f
Salmonella Additional Context Diagnosis Codes,5.0.0,acg,1,0,312c401b76f2dc5f
Salmonella Additional Context Diagnosis Codes,6.0.0,acg,1519,4,9c4b1c7c8bb83dff
Salmonella Additional Context Diagnosis Codes,7.0.0,acg,1519,4,9c4b1c7c8bb83dff
Salmonella Additional Context Immunization Codes,2.0.0,acg,27,0,082b0daa2eeed323
Salmonella Additional Context Immunization Codes,3.0.0,acg,27,0,082b0daa2eeed323
Salmonella Additional Context Immunization Codes,4.0.0,acg,27,0,082b0daa2eeed323
Salmonella Additional Context Immunization Codes,5.0.0,acg,27,0,082b0daa2eeed323
Salmonella Additional Context Immunization Codes,6.0.0,acg,27,0,082b0daa2eeed323
Salmonella Additional Context Immunization Codes,7.0.0,acg,27,0,082b0daa2eeed323
Salmonella Additional Context Medication Codes,2.0.0,acg,2196,0,a815eeef14ebca50
Salmonella Additional Context Medication Codes,3.0.0,acg,2196,0,a815eeef14ebca50
Salmonella Additional Context Medication Codes,4.0.0,acg,2067,0,5f0c296510a2e144
Salmonella Additional Context Medication Codes,5.0.0,acg,2067,0,5f0c296510a2e144
Salmonella Additional Context Medication Codes,6.0.0,acg,7808,0,738077b0e903c2a9
Salmonella Additional Context Medication Codes,7.0.0,acg,7808,0,738077b0e903c2a9
Salmonella Additional Context Specimen Source Codes,2.0.0,acg,9,0,6daa20b57d66c8ca
Salmonella Additional Context Specimen Source Codes,3.0.0,acg,9,0,6daa20b57d66c8ca
Salmonella Additional Context Specimen Source Codes,4.0.0,acg,9,0,6daa20b57d66c8ca
Salmonella Additional Context Specimen Source Codes,5.0.0,acg,9,0,6daa20b57d66c8ca
Salmonella Additional Context Specimen Source Codes,6.0.0,acg,9,0,6daa20b57d66c8ca
Salmonella Additional Context Specimen Source Codes,7.0.0,acg,9,0,6daa20b57d66c8ca
Salmonella Additional Context Symptom Codes,2.0.0,acg,59,0,0a519dfdada6d72d
Salmonella Additional Context Symptom Codes,3.0.0,acg,59,0,0a519dfdada6d72d
Salmonella Additional Context Symptom Codes,4.0.0,acg,58,0,8b92531ea8ed2306
Salmonella Additional Context Symptom Codes,5.0.0,acg,58,0,8b92531ea8ed2306
Salmonella Additional Context Symptom Codes,6.0.0,acg,965,0,8be9e3b21d509809
Salmonella Additional Context Symptom Codes,7.0.0,acg,965,0,8be9e3b21d509809
Salmonellosis Reporting Specification Grouper,20241008,rsg,3244,2789,2b0c6d9d054ce9ef
Salmonellosis Reporting Specification Grouper,20250328,rsg,3263,2789,bfe0088ace7c7b5c
Salmonellosis Reporting Specification Grouper,20250829,rsg,3273,2799,3908fd44187e4500
Salmonellosis Reporting Specification Grouper,20250829,rsg,3273,2799,3908fd44187e4500
Salmonellosis Reporting Specification Grouper,20250829,rsg,3273,2799,3908fd44187e4500
Salmonellosis Reporting Specification Grouper,20260327,rsg,3281,2799,01fd53f0922f7e55
Salmonellosis Reporting Specification Grouper,20260731,rsg,3286,2804,9267d0cf2beccdf9
Scabies Additional Context Medication Codes,2.0.0,acg,41,0,0372e255cf5ea5c9
Scabies Additional Context Medication Codes,3.0.0,acg,41,0,0372e255cf5ea5c9
Scabies Additional Context Medication Codes,4.0.0,acg,41,0,0372e255cf5ea5c9
Scabies Additional Context Medication Codes,5.0.0,acg,41,0,0372e255cf5ea5c9
Scabies Additional Context Medication Codes,6.0.0,acg,41,0,0372e255cf5ea5c9
Scabies Additional Context Medication Codes,7.0.0,acg,41,0,0372e255cf5ea5c9
Scabies Reporting Specification Grouper,20241008,rsg,498,19,fa76a4bba2599927
Scabies Reporting Specification Grouper,20250328,rsg,502,19,fe2ab3ffdc9df839
Scabies Reporting Specification Grouper,20250829,rsg,502,19,fe2ab3ffdc9df839
Scabies Reporting Specification Grouper,20250829,rsg,502,19,fe2ab3ffdc9df839
Scabies Reporting Specification Grouper,20250829,rsg,502,19,fe2ab3ffdc9df839
Scabies Reporting Specification Grouper,20260327,rsg,506,19,e80c6f19825ce878
Scabies Reporting Specification Grouper,20260731,rsg,507,20,5de023c80f68fc20
Seafood Poisoning Reporting Specification Grouper,20241008,rsg,57,45,a1e58c32e90ec9fe
Seafood Poisoning Reporting Specification Grouper,20250328,rsg,57,45,a1e58c32e90ec9fe
Seafood Poisoning Reporting Specification Grouper,20250829,rsg,57,45,a1e58c32e90ec9fe
Seafood Poisoning Reporting Specification Grouper,20250829,rsg,57,45,a1e58c32e90ec9fe
Seafood Poisoning Reporting Specification Grouper,20250829,rsg,57,45,a1e58c32e90ec9fe
Seafood Poisoning Reporting Specification Grouper,20260327,rsg,57,45,a1e58c32e90ec9fe
Seafood Poisoning Reporting Specification Grouper,20260731,rsg,71,71,adc6f107c0fb99d7
Severe Acute Respiratory Syndrome (SARS) Additional Context Clinical Lab Result Codes,7.0.0,acg,159,0,a7b55e7425abf685
Severe Acute Respiratory Syndrome (SARS) Additional Context Diagnosis Codes,2.0.0,acg,27,0,3503c256ed973a77
Severe Acute Respiratory Syndrome (SARS) Additional Context Diagnosis Codes,3.0.0,acg,27,0,3503c256ed973a77
Severe Acute Respiratory Syndrome (SARS) Additional Context Diagnosis Codes,4.0.0,acg,8,0,6579260997589509
Severe Acute Respiratory Syndrome (SARS) Additional Context Diagnosis Codes,5.0.0,acg,8,0,6579260997589509
Severe Acute Respiratory Syndrome (SARS) Additional Context Diagnosis Codes,6.0.0,acg,27,0,3503c256ed973a77
Severe Acute Respiratory Syndrome (SARS) Additional Context Diagnosis Codes,7.0.0,acg,106,0,64f670328e9e6fe4
Severe Acute Respiratory Syndrome (SARS) Additional Context Medication Codes,2.0.0,acg,614,0,ba5ab1ca2eeac8cb
Severe Acute Respiratory Syndrome (SARS) Additional Context Medication Codes,3.0.0,acg,614,0,ba5ab1ca2eeac8cb
Severe Acute Respiratory Syndrome (SARS) Additional Context Medication Codes,4.0.0,acg,527,0,1faf83fcfdfd3057
Severe Acute Respiratory Syndrome (SARS) Additional Context Medication Codes,5.0.0,acg,527,0,1faf83fcfdfd3057
Severe Acute Respiratory Syndrome (SARS) Additional Context Medication Codes,6.0.0,acg,614,0,ba5ab1ca2eeac8cb
Severe Acute Respiratory Syndrome (SARS) Additional Context Medication Codes,7.0.0,acg,614,0,ba5ab1ca2eeac8cb
Severe Acute Respiratory Syndrome (SARS) Additional Context Specimen Source Codes,2.0.0,acg,3,0,8d9741deca8ff2b8
Severe Acute Respiratory Syndrome (SARS) Additional Context Specimen Source Codes,3.0.0,acg,3,0,8d9741deca8ff2b8
Severe Acute Respiratory Syndrome (SARS) Additional Context Specimen Source Codes,4.0.0,acg,2,0,6934c0a03269854d
Severe Acute Respiratory Syndrome (SARS) Additional Context Specimen Source Codes,5.0.0,acg,2,0,6934c0a03269854d
Severe Acute Respiratory Syndrome (SARS) Additional Context Specimen Source Codes,6.0.0,acg,3,0,8d9741deca8ff2b8
Severe Acute Respiratory Syndrome (SARS) Additional Context Specimen Source Codes,7.0.0,acg,3,0,8d9741deca8ff2b8
Severe Acute Respiratory Syndrome (SARS) Additional Context Symptom Codes,2.0.0,acg,69,0,cfecb5751f217cbf
Severe Acute Respiratory Syndrome (SARS) Additional Context Symptom Codes,3.0.0,acg,69,0,cfecb5751f217cbf
Severe Acute Respiratory Syndrome (SARS) Additional Context Symptom Codes,4.0.0,acg,67,0,928c7ab968386330
Severe Acute Respiratory Syndrome (SARS) Additional Context Symptom Codes,5.0.0,acg,67,0,928c7ab968386330
Severe Acute Respiratory Syndrome (SARS) Additional Context Symptom Codes,6.0.0,acg,69,0,cfecb5751f217cbf
Severe Acute Respiratory Syndrome (SARS) Additional Context Symptom Codes,7.0.0,acg,482,0,37d21175da2a584f
Severe Acute Respiratory Syndrome (SARS) Reporting Specification Grouper,20241008,rsg,968,174,661d4717717b35b7
Severe Acute Respiratory Syndrome (SARS) Reporting Specification Grouper,20250328,rsg,987,174,bc84ad2bedd23068
Severe Acute Respiratory Syndrome (SARS) Reporting Specification Grouper,20250829,rsg,996,174,d89af5b347a0cef8
Severe Acute Respiratory Syndrome (SARS) Reporting Specification Grouper,20250829,rsg,996,174,d89af5b347a0cef8
Severe Acute Respiratory Syndrome (SARS) Reporting Specification Grouper,20250829,rsg,996,174,d89af5b347a0cef8
Severe Acute Respiratory Syndrome (SARS) Reporting Specification Grouper,20260327,rsg,1000,175,7b66cc9fc84692bd
Severe Acute Respiratory Syndrome (SARS) Reporting Specification Grouper,20260731,rsg,988,175,a8ac3954ddfdf08e
Severe Combined Immunodeficiency Reporting Specification Grouper,20250829,rsg,94,46,52c8321d6f9ff61b
Severe Combined Immunodeficiency Reporting Specification Grouper,20250829,rsg,94,46,52c8321d6f9ff61b
Severe Combined Immunodeficiency Reporting Specification Grouper,20250829,rsg,94,46,52c8321d6f9ff61b
Severe Combined Immunodeficiency Reporting Specification Grouper,20260327,rsg,59,46,74dc5cb69962daa3
Severe Combined Immunodeficiency Reporting Specification Grouper,20260731,rsg,67,54,55c34ac56da2041f
Shiga toxin-producing Escherichia coli (STEC) infection Reporting Specification Grouper,20241008,rsg,762,301,30db13c36cb8f54f
Shiga toxin-producing Escherichia coli (STEC) infection Reporting Specification Grouper,20250328,rsg,780,301,dfd6afedc02d8a01
Shiga toxin-producing Escherichia coli (STEC) infection Reporting Specification Grouper,20250829,rsg,782,303,7671e7510b6e1094
Shiga toxin-producing Escherichia coli (STEC) infection Reporting Specification Grouper,20250829,rsg,782,303,7671e7510b6e1094
Shiga toxin-producing Escherichia coli (STEC) infection Reporting Specification Grouper,20250829,rsg,782,303,7671e7510b6e1094
Shiga toxin-producing Escherichia coli (STEC) infection Reporting Specification Grouper,20260327,rsg,780,304,9acbe62667ad81fc
Shiga toxin-producing Escherichia coli (STEC) infection Reporting Specification Grouper,20260731,rsg,786,310,ce4c18b8663d462e
Shigellosis Additional Context Clinical Lab Result Codes,7.0.0,acg,18,0,48eac232586c210e
Shigellosis Additional Context Diagnosis Codes,7.0.0,acg,2548,0,9c9ae48b54e4b4a9
Shigellosis Additional Context Medication Codes,7.0.0,acg,10181,0,9e4b07c048830716
Shigellosis Additional Context Specimen Source Codes,2.0.0,acg,2,0,4afb3ce7ed7cd1cc
Shigellosis Additional Context Specimen Source Codes,3.0.0,acg,2,0,4afb3ce7ed7cd1cc
Shigellosis Additional Context Specimen Source Codes,4.0.0,acg,2,0,4afb3ce7ed7cd1cc
Shigellosis Additional Context Specimen Source Codes,5.0.0,acg,2,0,4afb3ce7ed7cd1cc
Shigellosis Additional Context Specimen Source Codes,6.0.0,acg,2,0,4afb3ce7ed7cd1cc
Shigellosis Additional Context Specimen Source Codes,7.0.0,acg,2,0,4afb3ce7ed7cd1cc
Shigellosis Additional Context Symptom Codes,2.0.0,acg,30,0,927660239b4b3bc2
Shigellosis Additional Context Symptom Codes,3.0.0,acg,30,0,927660239b4b3bc2
Shigellosis Additional Context Symptom Codes,4.0.0,acg,29,0,df7ade6d2faf6e31
Shigellosis Additional Context Symptom Codes,5.0.0,acg,29,0,df7ade6d2faf6e31
Shigellosis Additional Context Symptom Codes,6.0.0,acg,30,0,927660239b4b3bc2
Shigellosis Additional Context Symptom Codes,7.0.0,acg,1081,0,d3634419209c6ee5
Shigellosis Reporting Specification Grouper,20241008,rsg,715,148,d5c67c229ed29fac
Shigellosis Reporting Specification Grouper,20250328,rsg,737,151,be4976adc0c37147
Shigellosis Reporting Specification Grouper,20250829,rsg,742,151,c04bb93d668dd4dc
Shigellosis Reporting Specification Grouper,20250829,rsg,742,151,c04bb93d668dd4dc
Shigellosis Reporting Specification Grouper,20250829,rsg,742,151,c04bb93d668dd4dc
Shigellosis Reporting Specification Grouper,20260327,rsg,753,159,925487e5c699ce20
Shigellosis Reporting Specification Grouper,20260731,rsg,753,159,925487e5c699ce20
Sickle Cell Anemia (Hemoglobin SS Disease) Reporting Specification Grouper,20250829,rsg,68,22,d1f9f17ff220c6f5
Sickle Cell Anemia (Hemoglobin SS Disease) Reporting Specification Grouper,20250829,rsg,68,22,d1f9f17ff220c6f5
Sickle Cell Anemia (Hemoglobin SS Disease) Reporting Specification Grouper,20250829,rsg,68,22,d1f9f17ff220c6f5
Sickle Cell Anemia (Hemoglobin SS Disease) Reporting Specification Grouper,20260327,rsg,68,22,d1f9f17ff220c6f5
Sickle Cell Anemia (Hemoglobin SS Disease) Reporting Specification Grouper,20260731,rsg,69,23,957cd4c7c1455c94
Silicosis or pneumoconiosis due to dust containing silica Reporting Specification Grouper,20241008,rsg,123,29,807d618cbf49f56d
Silicosis or pneumoconiosis due to dust containing silica Reporting Specification Grouper,20250328,rsg,122,29,cee3df865d79607c
Silicosis or pneumoconiosis due to dust containing silica Reporting Specification Grouper,20250829,rsg,122,29,cee3df865d79607c
Silicosis or pneumoconiosis due to dust containing silica Reporting Specification Grouper,20250829,rsg,122,29,cee3df865d79607c
Silicosis or pneumoconiosis due to dust containing silica Reporting Specification Grouper,20250829,rsg,122,29,cee3df865d79607c
Silicosis or pneumoconiosis due to dust containing silica Reporting Specification Grouper,20260327,rsg,124,31,0711d41e0789ba89
Silicosis or pneumoconiosis due to dust containing silica Reporting Specification Grouper,20260731,rsg,121,31,59d14d6437929a22
Single Ventricle Reporting Specification Grouper,20241008,rsg,39,7,6c05759bbbda3a70
Single Ventricle Reporting Specification Grouper,20250328,rsg,39,7,6c05759bbbda3a70
Single Ventricle Reporting Specification Grouper,20250829,rsg,40,7,5315ccb81515583c
Single Ventricle Reporting Specification Grouper,20250829,rsg,40,7,5315ccb81515583c
Single Ventricle Reporting Specification Grouper,20250829,rsg,40,7,5315ccb81515583c
Single Ventricle Reporting Specification Grouper,20260327,rsg,40,7,5315ccb81515583c
Single Ventricle Reporting Specification Grouper,20260731,rsg,9,9,2b9ac343b8ea4700
Small Intestinal Atresia and Stenosis Reporting Specification Grouper,20250829,rsg,28,28,5f9692a6dd469a40
Small Intestinal Atresia and Stenosis Reporting Specification Grouper,20250829,rsg,28,28,5f9692a6dd469a40
Small Intestinal Atresia and Stenosis Reporting Specification Grouper,20250829,rsg,28,28,5f9692a6dd469a40
Small Intestinal Atresia and Stenosis Reporting Specification Grouper,20260327,rsg,28,28,5f9692a6dd469a40
Small Intestinal Atresia and Stenosis Reporting Specification Grouper,20260731,rsg,38,38,dbd2414988d5f12b
Smallpox Additional Context Immunization Codes,2.0.0,acg,24,0,042df52d53e316ec
Smallpox Additional Context Immunization Codes,3.0.0,acg,24,0,042df52d53e316ec
Smallpox Additional Context Immunization Codes,4.0.0,acg,21,0,f646fc5d46cf0ae2
Smallpox Additional Context Immunization Codes,5.0.0,acg,21,0,f646fc5d46cf0ae2
Smallpox Additional Context Immunization Codes,6.0.0,acg,24,0,042df52d53e316ec
Smallpox Additional Context Immunization Codes,7.0.0,acg,24,0,042df52d53e316ec
Smallpox Additional Context Medication Codes,2.0.0,acg,63,0,3989658bff7dadf6
Smallpox Additional Context Medication Codes,3.0.0,acg,63,0,3989658bff7dadf6
Smallpox Additional Context Medication Codes,4.0.0,acg,63,0,3989658bff7dadf6
Smallpox Additional Context Medication Codes,5.0.0,acg,63,0,3989658bff7dadf6
Smallpox Additional Context Medication Codes,6.0.0,acg,63,0,3989658bff7dadf6
Smallpox Additional Context Medication Codes,7.0.0,acg,63,0,3989658bff7dadf6
Smallpox Reporting Specification Grouper,20241008,rsg,769,15,35a1ee09c05c7982
Smallpox Reporting Specification Grouper,20250328,rsg,788,15,4e78db4d518cac04
Smallpox Reporting Specification Grouper,20250829,rsg,803,15,96152f7b05d11366
Smallpox Reporting Specification Grouper,20250829,rsg,803,15,96152f7b05d11366
Smallpox Reporting Specification Grouper,20250829,rsg,803,15,96152f7b05d11366
Smallpox Reporting Specification Grouper,20260327,rsg,806,15,e53697acae523846
Smallpox Reporting Specification Grouper,20260731,rsg,806,15,e53697acae523846
Snowshoe hare virus disease Reporting Specification Grouper,20241008,rsg,437,22,e155ebcb7afc6184
Snowshoe hare virus disease Reporting Specification Grouper,20250328,rsg,456,22,89c576e717a01983
Snowshoe hare virus disease Reporting Specification Grouper,20250829,rsg,456,22,89c576e717a01983
Snowshoe hare virus disease Reporting Specification Grouper,20250829,rsg,456,22,89c576e717a01983
Snowshoe hare virus disease Reporting Specification Grouper,20250829,rsg,456,22,89c576e717a01983
Snowshoe hare virus disease Reporting Specification Grouper,20260327,rsg,459,22,417fd9ceb2c71fbf
Snowshoe hare virus disease Reporting Specification Grouper,20260731,rsg,459,22,417fd9ceb2c71fbf
Soil-Transmitted Helminth Infections Reporting Specification Grouper,20260327,rsg,553,36,2a23b90f542c89dc
Soil-Transmitted Helminth Infections Reporting Specification Grouper,20260731,rsg,553,36,2a23b90f542c89dc
Spina Bifida Reporting Specification Grouper,20241008,rsg,96,86,fe31098af25d1e03
Spina Bifida Reporting Specification Grouper,20250328,rsg,97,86,f12b3d2c237b04f7
Spina Bifida Reporting Specification Grouper,20250829,rsg,104,93,dec514e65ddac525
Spina Bifida Reporting Specification Grouper,20250829,rsg,104,93,dec514e65ddac525
Spina Bifida Reporting Specification Grouper,20250829,rsg,104,93,dec514e65ddac525
Spina Bifida Reporting Specification Grouper,20260327,rsg,104,93,dec514e65ddac525
Spina Bifida Reporting Specification Grouper,20260731,rsg,95,95,ef6cd3b5e348ca88
Spinal Muscular Atrophy Reporting Specification Grouper,20250829,rsg,71,24,e099e4e733bdb4e2
Spinal Muscular Atrophy Reporting Specification Grouper,20250829,rsg,71,24,e099e4e733bdb4e2
Spinal Muscular Atrophy Reporting Specification Grouper,20250829,rsg,71,24,e099e4e733bdb4e2
Spinal Muscular Atrophy Reporting Specification Grouper,20260327,rsg,36,24,eae74dc2c16a3054
Spinal Muscular Atrophy Reporting Specification Grouper,20260731,rsg,38,26,af3a5ae21cb75bb7
Spotted Fever Rickettsiosis Additional Context Clinical Lab Result Codes,2.0.0,acg,5,0,67949e3e3602092c
Spotted Fever Rickettsiosis Additional Context Clinical Lab Result Codes,3.0.0,acg,5,0,67949e3e3602092c
Spotted Fever Rickettsiosis Additional Context Clinical Lab Result Codes,4.0.0,acg,5,0,67949e3e3602092c
Spotted Fever Rickettsiosis Additional Context Clinical Lab Result Codes,5.0.0,acg,5,0,67949e3e3602092c
Spotted Fever Rickettsiosis Additional Context Clinical Lab Result Codes,6.0.0,acg,5,0,67949e3e3602092c
Spotted Fever Rickettsiosis Additional Context Clinical Lab Result Codes,7.0.0,acg,5,0,67949e3e3602092c
Spotted Fever Rickettsiosis Reporting Specification Grouper,20241008,rsg,730,152,577072806b8d5b81
Spotted Fever Rickettsiosis Reporting Specification Grouper,20250328,rsg,749,152,754c5051e0e67a04
Spotted Fever Rickettsiosis Reporting Specification Grouper,20250829,rsg,749,152,754c5051e0e67a04
Spotted Fever Rickettsiosis Reporting Specification Grouper,20250829,rsg,749,152,754c5051e0e67a04
Spotted Fever Rickettsiosis Reporting Specification Grouper,20250829,rsg,749,152,754c5051e0e67a04
Spotted Fever Rickettsiosis Reporting Specification Grouper,20260327,rsg,752,152,4fafe9db1903006d
Spotted Fever Rickettsiosis Reporting Specification Grouper,20260731,rsg,752,152,4fafe9db1903006d
St. Louis Encephalitis Virus Infection Reporting Specification Grouper,20241008,rsg,484,69,3084a78e830d3139
St. Louis Encephalitis Virus Infection Reporting Specification Grouper,20241008,rsg,156,69,c68c276af3bb6ef3
St. Louis Encephalitis Virus Infection Reporting Specification Grouper,20250328,rsg,156,69,c68c276af3bb6ef3
St. Louis Encephalitis Virus Infection Reporting Specification Grouper,20250328,rsg,503,69,8b2cc4430185f892
St. Louis Encephalitis Virus Infection Reporting Specification Grouper,20250829,rsg,156,69,c68c276af3bb6ef3
St. Louis Encephalitis Virus Infection Reporting Specification Grouper,20250829,rsg,503,69,8b2cc4430185f892
St. Louis Encephalitis Virus Infection Reporting Specification Grouper,20250829,rsg,156,69,c68c276af3bb6ef3
St. Louis Encephalitis Virus Infection Reporting Specification Grouper,20250829,rsg,503,69,8b2cc4430185f892
St. Louis Encephalitis Virus Infection Reporting Specification Grouper,20250829,rsg,156,69,c68c276af3bb6ef3
St. Louis Encephalitis Virus Infection Reporting Specification Grouper,20250829,rsg,503,69,8b2cc4430185f892
St. Louis Encephalitis Virus Infection Reporting Specification Grouper,20260327,rsg,157,69,e2ed594e2143fd14
St. Louis Encephalitis Virus Infection Reporting Specification Grouper,20260327,rsg,506,69,0499e52867c25028
St. Louis Encephalitis Virus Infection Reporting Specification Grouper,20260731,rsg,157,69,e2ed594e2143fd14
St. Louis Encephalitis Virus Infection Reporting Specification Grouper,20260731,rsg,506,69,0499e52867c25028
Staphylococcal Disease Additional Context Diagnosis Codes,2.0.0,acg,2,0,9f5030c4641bc280
Staphylococcal Disease Additional Context Diagnosis Codes,3.0.0,acg,2,0,9f5030c4641bc280
Staphylococcal Disease Additional Context Diagnosis Codes,4.0.0,acg,2,0,9f5030c4641bc280
Staphylococcal Disease Additional Context Diagnosis Codes,5.0.0,acg,2,0,9f5030c4641bc280
Staphylococcal Disease Additional Context Diagnosis Codes,6.0.0,acg,2,0,9f5030c4641bc280
Staphylococcal Disease Additional Context Diagnosis Codes,7.0.0,acg,10183,3,9a546defb9e6c7dc
Staphylococcal Disease Additional Context Lab Result Codes,7.0.0,acg,28,1,4fad305a76f96e94
Staphylococcal Disease Additional Context Medication Codes,7.0.0,acg,8537,0,cc2ef75990768b7b
Staphylococcal Disease Additional Context Symptom Codes,7.0.0,acg,3407,5,0f14382b8f916028
Staphylococcal Enterotoxin B Poisoning Reporting Specification Grouper,20241008,rsg,80,9,b32d94eea37e27d3
Staphylococcal Enterotoxin B Poisoning Reporting Specification Grouper,20250328,rsg,80,9,b32d94eea37e27d3
Staphylococcal Enterotoxin B Poisoning Reporting Specification Grouper,20250829,rsg,80,9,b32d94eea37e27d3
Staphylococcal Enterotoxin B Poisoning Reporting Specification Grouper,20250829,rsg,80,9,b32d94eea37e27d3
Staphylococcal Enterotoxin B Poisoning Reporting Specification Grouper,20250829,rsg,80,9,b32d94eea37e27d3
Staphylococcal Enterotoxin B Poisoning Reporting Specification Grouper,20260327,rsg,81,9,5fb6a5f55a173100
Staphylococcal Enterotoxin B Poisoning Reporting Specification Grouper,20260731,rsg,81,9,5fb6a5f55a173100
Staphylococcus aureus Infection Reporting Specification Grouper,20241008,rsg,951,133,d81489769f99e4f3
Staphylococcus aureus Infection Reporting Specification Grouper,20250328,rsg,993,151,73b4f7f5212d47bf
Staphylococcus aureus Infection Reporting Specification Grouper,20250829,rsg,993,151,73b4f7f5212d47bf
Staphylococcus aureus Infection Reporting Specification Grouper,20250829,rsg,993,151,73b4f7f5212d47bf
Staphylococcus aureus Infection Reporting Specification Grouper,20250829,rsg,993,151,73b4f7f5212d47bf
Staphylococcus aureus Infection Reporting Specification Grouper,20260327,rsg,996,151,844ba5525dd2e8c8
Staphylococcus aureus Infection Reporting Specification Grouper,20260731,rsg,996,151,844ba5525dd2e8c8
Streptoccal Disease Additional Context Immunization Codes,2.0.0,acg,185,0,9fd671f14a210c01
Streptoccal Disease Additional Context Immunization Codes,3.0.0,acg,185,0,9fd671f14a210c01
Streptoccal Disease Additional Context Specimen Source Codes,2.0.0,acg,2,0,7ab68decc37c2a18
Streptoccal Disease Additional Context Specimen Source Codes,3.0.0,acg,2,0,7ab68decc37c2a18
Streptoccal Disease Additional Context Symptom Codes,2.0.0,acg,27,0,3b2c6e794428dd4d
Streptoccal Disease Additional Context Symptom Codes,3.0.0,acg,27,0,3b2c6e794428dd4d
Streptococcal Disease Additional Context Clinical Lab Result Codes,6.0.0,acg,550,0,23049399993b4f0c
Streptococcal Disease Additional Context Clinical Lab Result Codes,7.0.0,acg,550,0,23049399993b4f0c
Streptococcal Disease Additional Context Diagnosis Codes,6.0.0,acg,10348,3,d69a4fe686b9e064
Streptococcal Disease Additional Context Diagnosis Codes,7.0.0,acg,10348,3,d69a4fe686b9e064
Streptococcal Disease Additional Context Immunization Codes,4.0.0,acg,144,0,d945639883d4cfe6
Streptococcal Disease Additional Context Immunization Codes,5.0.0,acg,144,0,d945639883d4cfe6
Streptococcal Disease Additional Context Immunization Codes,6.0.0,acg,185,0,9fd671f14a210c01
Streptococcal Disease Additional Context Immunization Codes,7.0.0,acg,185,0,9fd671f14a210c01
Streptococcal Disease Additional Context Medication Codes,6.0.0,acg,6950,0,a1808cd246476b40
Streptococcal Disease Additional Context Medication Codes,7.0.0,acg,6950,0,a1808cd246476b40
Streptococcal Disease Additional Context Specimen Source Codes,4.0.0,acg,2,0,7ab68decc37c2a18
Streptococcal Disease Additional Context Specimen Source Codes,5.0.0,acg,2,0,7ab68decc37c2a18
Streptococcal Disease Additional Context Specimen Source Codes,6.0.0,acg,2,0,7ab68decc37c2a18
Streptococcal Disease Additional Context Specimen Source Codes,7.0.0,acg,2,0,7ab68decc37c2a18
Streptococcal Disease Additional Context Symptom Codes,4.0.0,acg,27,0,3b2c6e794428dd4d
Streptococcal Disease Additional Context Symptom Codes,5.0.0,acg,27,0,3b2c6e794428dd4d
Streptococcal Disease Additional Context Symptom Codes,6.0.0,acg,2721,1,3d60163cacb693a6
Streptococcal Disease Additional Context Symptom Codes,7.0.0,acg,2721,1,3d60163cacb693a6
Streptococcal Toxic Shock Syndrome Reporting Specification Grouper,20241008,rsg,1316,138,d9d831ad09520f4a
Streptococcal Toxic Shock Syndrome Reporting Specification Grouper,20250328,rsg,1336,139,ba4e0deab6649ea8
Streptococcal Toxic Shock Syndrome Reporting Specification Grouper,20250829,rsg,1405,139,af45db09f9b48724
Streptococcal Toxic Shock Syndrome Reporting Specification Grouper,20250829,rsg,1405,139,af45db09f9b48724
Streptococcal Toxic Shock Syndrome Reporting Specification Grouper,20250829,rsg,1405,139,af45db09f9b48724
Streptococcal Toxic Shock Syndrome Reporting Specification Grouper,20260327,rsg,1407,139,c5907d84f8857436
Streptococcal Toxic Shock Syndrome Reporting Specification Grouper,20260731,rsg,1407,139,c5907d84f8857436
"Streptococcal disease, invasive Reporting Specification Grouper",20241008,rsg,458,199,1a696e3eae7a0bf8
"Streptococcal disease, invasive Reporting Specification Grouper",20250328,rsg,461,202,262e6c3efbdc5444
"Streptococcal disease, invasive Reporting Specification Grouper",20250829,rsg,461,202,262e6c3efbdc5444
"Streptococcal disease, invasive Reporting Specification Grouper",20250829,rsg,461,202,262e6c3efbdc5444
"Streptococcal disease, invasive Reporting Specification Grouper",20250829,rsg,461,202,262e6c3efbdc5444
"Streptococcal disease, invasive Reporting Specification Grouper",20260327,rsg,461,202,262e6c3efbdc5444
"Streptococcal disease, invasive Reporting Specification Grouper",20260731,rsg,461,202,262e6c3efbdc5444
"Streptococcal disease, invasive, Group A Reporting Specification Grouper",20241008,rsg,778,151,cc24475031ed170a
"Streptococcal disease, invasive, Group A Reporting Specification Grouper",20250328,rsg,798,152,99aa95274e4870bf
"Streptococcal disease, invasive, Group A Reporting Specification Grouper",20250829,rsg,798,152,99aa95274e4870bf
"Streptococcal disease, invasive, Group A Reporting Specification Grouper",20250829,rsg,798,152,99aa95274e4870bf
"Streptococcal disease, invasive, Group A Reporting Specification Grouper",20250829,rsg,798,152,99aa95274e4870bf
"Streptococcal disease, invasive, Group A Reporting Specification Grouper",20260327,rsg,836,172,dde98af4099fe2a1
"Streptococcal disease, invasive, Group A Reporting Specification Grouper",20260731,rsg,836,172,dde98af4099fe2a1
"Streptococcal disease, invasive, Group B Reporting Specification Grouper",20241008,rsg,671,49,aa5f78c3e6a1a123
"Streptococcal disease, invasive, Group B Reporting Specification Grouper",20250328,rsg,692,51,fd24f712799a709d
"Streptococcal disease, invasive, Group B Reporting Specification Grouper",20250829,rsg,692,51,fd24f712799a709d
"Streptococcal disease, invasive, Group B Reporting Specification Grouper",20250829,rsg,692,51,fd24f712799a709d
"Streptococcal disease, invasive, Group B Reporting Specification Grouper",20250829,rsg,692,51,fd24f712799a709d
"Streptococcal disease, invasive, Group B Reporting Specification Grouper",20260327,rsg,729,69,722a701d2a20ed05
"Streptococcal disease, invasive, Group B Reporting Specification Grouper",20260731,rsg,729,69,722a701d2a20ed05
Strongyloidiasis Reporting Specification Grouper,20241008,rsg,604,62,2e31e035a7e6a9ce
Strongyloidiasis Reporting Specification Grouper,20250328,rsg,609,63,334c7c097d357924
Strongyloidiasis Reporting Specification Grouper,20250829,rsg,609,63,334c7c097d357924
Strongyloidiasis Reporting Specification Grouper,20250829,rsg,609,63,334c7c097d357924
Strongyloidiasis Reporting Specification Grouper,20250829,rsg,609,63,334c7c097d357924
Strongyloidiasis Reporting Specification Grouper,20260327,rsg,614,63,a9a0795d3ca9d6ed
Strongyloidiasis Reporting Specification Grouper,20260731,rsg,614,63,a9a0795d3ca9d6ed
Suicide Reporting Specification Grouper,20241008,rsg,17,17,ce3d3860245e59b7
Suicide Reporting Specification Grouper,20250328,rsg,17,17,ce3d3860245e59b7
Suicide Reporting Specification Grouper,20250829,rsg,17,17,ce3d3860245e59b7
Suicide Reporting Specification Grouper,20250829,rsg,17,17,ce3d3860245e59b7
Suicide Reporting Specification Grouper,20250829,rsg,17,17,ce3d3860245e59b7
Suicide Reporting Specification Grouper,20260327,rsg,17,17,ce3d3860245e59b7
Suicide Reporting Specification Grouper,20260731,rsg,17,17,ce3d3860245e59b7
Surgical Site Infection (SSI) Reporting Specification Grouper,20241008,rsg,34,34,b209654ee0faace4
Surgical Site Infection (SSI) Reporting Specification Grouper,20250328,rsg,34,34,b209654ee0faace4
Surgical Site Infection (SSI) Reporting Specification Grouper,20250829,rsg,35,35,5cb1195b43bb6dc2
Surgical Site Infection (SSI) Reporting Specification Grouper,20250829,rsg,35,35,5cb1195b43bb6dc2
Surgical Site Infection (SSI) Reporting Specification Grouper,20250829,rsg,35,35,5cb1195b43bb6dc2
Surgical Site Infection (SSI) Reporting Specification Grouper,20260327,rsg,35,35,5cb1195b43bb6dc2
Surgical Site Infection (SSI) Reporting Specification Grouper,20260731,rsg,36,36,d14dfad742376e2d
Syphilis Additional Context Clinical Lab Result Codes,4.0.0,acg,3416,0,0e863030761aad06
Syphilis Additional Context Clinical Lab Result Codes,5.0.0,acg,3416,0,0e863030761aad06
Syphilis Additional Context Clinical Lab Result Codes,6.0.0,acg,3449,0,f3aba778f04fe839
Syphilis Additional Context Clinical Lab Result Codes,7.0.0,acg,3449,0,f3aba778f04fe839
Syphilis Additional Context Diagnosis Codes,2.0.0,acg,14,0,420cd04c12ca3c8d
Syphilis Additional Context Diagnosis Codes,3.0.0,acg,14,0,420cd04c12ca3c8d
Syphilis Additional Context Diagnosis Codes,4.0.0,acg,2105,0,bf017edc2b040319
Syphilis Additional Context Diagnosis Codes,5.0.0,acg,2105,0,bf017edc2b040319
Syphilis Additional Context Diagnosis Codes,6.0.0,acg,2207,0,29a3fe12cb15140e
Syphilis Additional Context Diagnosis Codes,7.0.0,acg,2207,0,29a3fe12cb15140e
Syphilis Additional Context Medication Codes,2.0.0,acg,60,6,e899041dabc46389
Syphilis Additional Context Medication Codes,3.0.0,acg,60,6,e899041dabc46389
Syphilis Additional Context Medication Codes,4.0.0,acg,35,4,f1a792b29203a27c
Syphilis Additional Context Medication Codes,5.0.0,acg,35,4,f1a792b29203a27c
Syphilis Additional Context Medication Codes,6.0.0,acg,60,6,e899041dabc46389
Syphilis Additional Context Medication Codes,7.0.0,acg,60,6,e899041dabc46389
Syphilis Additional Context Specimen Source Codes,2.0.0,acg,6,0,7f93df15bf6aae13
Syphilis Additional Context Specimen Source Codes,3.0.0,acg,6,0,7f93df15bf6aae13
Syphilis Additional Context Specimen Source Codes,4.0.0,acg,6,0,7f93df15bf6aae13
Syphilis Additional Context Specimen Source Codes,5.0.0,acg,6,0,7f93df15bf6aae13
Syphilis Additional Context Specimen Source Codes,6.0.0,acg,6,0,7f93df15bf6aae13
Syphilis Additional Context Specimen Source Codes,7.0.0,acg,6,0,7f93df15bf6aae13
Syphilis Additional Context Symptom Codes,2.0.0,acg,54,0,7237473bae2c5727
Syphilis Additional Context Symptom Codes,3.0.0,acg,54,0,7237473bae2c5727
Syphilis Additional Context Symptom Codes,4.0.0,acg,1872,4,785d857f4cef59f0
Syphilis Additional Context Symptom Codes,5.0.0,acg,1872,4,785d857f4cef59f0
Syphilis Additional Context Symptom Codes,6.0.0,acg,2565,4,929b98f4b4bdbe1e
Syphilis Additional Context Symptom Codes,7.0.0,acg,2566,4,35dbc8d1a22dafae
Syphilis Reporting Specification Grouper,20241008,rsg,990,466,95bc6ebe9f7437f4
Syphilis Reporting Specification Grouper,20250328,rsg,996,471,bfd08dd02e7e5a69
Syphilis Reporting Specification Grouper,20250829,rsg,1078,449,3d4268456cebb370
Syphilis Reporting Specification Grouper,20250829,rsg,1078,449,3d4268456cebb370
Syphilis Reporting Specification Grouper,20250829,rsg,1078,449,3d4268456cebb370
Syphilis Reporting Specification Grouper,20260327,rsg,1100,466,deaf729db1d14ac0
Syphilis Reporting Specification Grouper,20260731,rsg,1111,470,73fb9b605e70fc59
"Syphilis, Congenital Reporting Specification Grouper",20241008,rsg,694,197,a7d68c92dab64021
"Syphilis, Congenital Reporting Specification Grouper",20250328,rsg,809,202,3dee57b608ddd599
"Syphilis, Congenital Reporting Specification Grouper",20250829,rsg,822,215,b1718482233ac7f6
"Syphilis, Congenital Reporting Specification Grouper",20250829,rsg,822,215,b1718482233ac7f6
"Syphilis, Congenital Reporting Specification Grouper",20250829,rsg,822,215,b1718482233ac7f6
"Syphilis, Congenital Reporting Specification Grouper",20260327,rsg,841,229,cb4fca9e951d330b
"Syphilis, Congenital Reporting Specification Grouper",20260731,rsg,845,233,6b0eb64689ed8656
Taeniasis Reporting Specification Grouper,20241008,rsg,572,76,78a5b07e773a0e2b
Taeniasis Reporting Specification Grouper,20250328,rsg,576,76,986ed3f554828748
Taeniasis Reporting Specification Grouper,20250829,rsg,576,76,986ed3f554828748
Taeniasis Reporting Specification Grouper,20250829,rsg,576,76,986ed3f554828748
Taeniasis Reporting Specification Grouper,20250829,rsg,576,76,986ed3f554828748
Taeniasis Reporting Specification Grouper,20260327,rsg,580,76,e849369325cd2b64
Taeniasis Reporting Specification Grouper,20260731,rsg,576,76,a21d50288a020f4c
Tetanus Additional Context Immunization Codes,2.0.0,acg,200,0,da1961db414810d9
Tetanus Additional Context Immunization Codes,3.0.0,acg,200,0,da1961db414810d9
Tetanus Additional Context Immunization Codes,4.0.0,acg,170,0,ea01256a38f4bc59
Tetanus Additional Context Immunization Codes,5.0.0,acg,170,0,ea01256a38f4bc59
Tetanus Additional Context Immunization Codes,6.0.0,acg,200,0,da1961db414810d9
Tetanus Additional Context Immunization Codes,7.0.0,acg,200,0,da1961db414810d9
Tetanus Additional Context Medication Codes,2.0.0,acg,266,0,4383139ce1fef88b
Tetanus Additional Context Medication Codes,3.0.0,acg,266,0,4383139ce1fef88b
Tetanus Additional Context Medication Codes,4.0.0,acg,211,0,0b1b39c39e8d93ba
Tetanus Additional Context Medication Codes,5.0.0,acg,211,0,0b1b39c39e8d93ba
Tetanus Additional Context Medication Codes,6.0.0,acg,266,0,4383139ce1fef88b
Tetanus Additional Context Medication Codes,7.0.0,acg,266,0,4383139ce1fef88b
Tetanus Reporting Specification Grouper,20241008,rsg,443,23,8e1fd8dfb3209a11
Tetanus Reporting Specification Grouper,20250328,rsg,462,23,4833f9743952a328
Tetanus Reporting Specification Grouper,20250829,rsg,463,24,21e920d626e83462
Tetanus Reporting Specification Grouper,20250829,rsg,463,24,21e920d626e83462
Tetanus Reporting Specification Grouper,20250829,rsg,463,24,21e920d626e83462
Tetanus Reporting Specification Grouper,20260327,rsg,465,24,cc1cd82e06fd3ad0
Tetanus Reporting Specification Grouper,20260731,rsg,465,24,cc1cd82e06fd3ad0
Tetralogy of Fallot (TOF) Reporting Specification Grouper,20241008,rsg,12,9,d7b5b80809659381
Tetralogy of Fallot (TOF) Reporting Specification Grouper,20250328,rsg,12,9,d7b5b80809659381
Tetralogy of Fallot (TOF) Reporting Specification Grouper,20250829,rsg,12,9,d7b5b80809659381
Tetralogy of Fallot (TOF) Reporting Specification Grouper,20250829,rsg,12,9,d7b5b80809659381
Tetralogy of Fallot (TOF) Reporting Specification Grouper,20250829,rsg,12,9,d7b5b80809659381
Tetralogy of Fallot (TOF) Reporting Specification Grouper,20260327,rsg,12,9,d7b5b80809659381
Tetralogy of Fallot (TOF) Reporting Specification Grouper,20260731,rsg,13,13,fd648210cd97c204
Tick Paralysis Reporting Specification Grouper,20241008,rsg,179,1,abe8818130b228e6
Tick Paralysis Reporting Specification Grouper,20250328,rsg,179,1,abe8818130b228e6
Tick Paralysis Reporting Specification Grouper,20250829,rsg,180,1,941b6ec1e1f9b5b5
Tick Paralysis Reporting Specification Grouper,20250829,rsg,180,1,941b6ec1e1f9b5b5
Tick Paralysis Reporting Specification Grouper,20250829,rsg,180,1,941b6ec1e1f9b5b5
Tick Paralysis Reporting Specification Grouper,20260327,rsg,180,1,941b6ec1e1f9b5b5
Tick Paralysis Reporting Specification Grouper,20260731,rsg,180,1,941b6ec1e1f9b5b5
Tickborne relapsing fever (TBRF) Additional Context Clinical Lab Result Codes,2.0.0,acg,5,0,ce51e789ee4d04f0
Tickborne relapsing fever (TBRF) Additional Context Clinical Lab Result Codes,3.0.0,acg,5,0,ce51e789ee4d04f0
Tickborne relapsing fever (TBRF) Additional Context Clinical Lab Result Codes,4.0.0,acg,5,0,ce51e789ee4d04f0
Tickborne relapsing fever (TBRF) Additional Context Clinical Lab Result Codes,5.0.0,acg,5,0,ce51e789ee4d04f0
Tickborne relapsing fever (TBRF) Additional Context Clinical Lab Result Codes,6.0.0,acg,5,0,ce51e789ee4d04f0
Tickborne relapsing fever (TBRF) Additional Context Clinical Lab Result Codes,7.0.0,acg,5,0,ce51e789ee4d04f0
Tickborne relapsing fever (TBRF) Reporting Specification Grouper,20250829,rsg,1042,71,fe56b00fb6fb306c
Tickborne relapsing fever (TBRF) Reporting Specification Grouper,20250829,rsg,1042,71,fe56b00fb6fb306c
Tickborne relapsing fever (TBRF) Reporting Specification Grouper,20250829,rsg,1042,71,fe56b00fb6fb306c
Tickborne relapsing fever (TBRF) Reporting Specification Grouper,20260327,rsg,1276,91,48c9c9b4f5dfe277
Tickborne relapsing fever (TBRF) Reporting Specification Grouper,20260731,rsg,1354,100,0d2bb18228bf5cf7
Tickborne relapsing fever (TBRF) Reporting Specification Grouper,20241008,rsg,439,25,4207d6d19c632a89
Tickborne relapsing fever (TBRF) Reporting Specification Grouper,20250328,rsg,1042,71,fe56b00fb6fb306c
Total Anomalous Pulmonary Venous Connection (TAPVC) Reporting Specification Grouper,20241008,rsg,12,12,9a546fc4229456b5
Total Anomalous Pulmonary Venous Connection (TAPVC) Reporting Specification Grouper,20250328,rsg,12,12,9a546fc4229456b5
Total Anomalous Pulmonary Venous Connection (TAPVC) Reporting Specification Grouper,20250829,rsg,12,12,9a546fc4229456b5
Total Anomalous Pulmonary Venous Connection (TAPVC) Reporting Specification Grouper,20250829,rsg,12,12,9a546fc4229456b5
Total Anomalous Pulmonary Venous Connection (TAPVC) Reporting Specification Grouper,20250829,rsg,12,12,9a546fc4229456b5
Total Anomalous Pulmonary Venous Connection (TAPVC) Reporting Specification Grouper,20260327,rsg,12,12,9a546fc4229456b5
Total Anomalous Pulmonary Venous Connection (TAPVC) Reporting Specification Grouper,20260731,rsg,12,12,9a546fc4229456b5
Toxoplasmosis Reporting Specification Grouper,20241008,rsg,1628,184,ef25ef2e03bd8f65
Toxoplasmosis Reporting Specification Grouper,20250328,rsg,1647,184,e3e365a94db8c0ed
Toxoplasmosis Reporting Specification Grouper,20250829,rsg,1782,184,099a3622d2d75c58
Toxoplasmosis Reporting Specification Grouper,20250829,rsg,1782,184,099a3622d2d75c58
Toxoplasmosis Reporting Specification Grouper,20250829,rsg,1782,184,099a3622d2d75c58
Toxoplasmosis Reporting Specification Grouper,20260327,rsg,1788,184,ac4c92fb1e0847ed
Toxoplasmosis Reporting Specification Grouper,20260731,rsg,1791,188,81e3d6e081da4eac
Transposition of the Great Arteries (TGA) Reporting Specification Grouper,20241008,rsg,9,6,bfcdce0455ec88f7
Transposition of the Great Arteries (TGA) Reporting Specification Grouper,20250328,rsg,9,6,bfcdce0455ec88f7
Transposition of the Great Arteries (TGA) Reporting Specification Grouper,20250829,rsg,14,11,d234f0b25418d80e
Transposition of the Great Arteries (TGA) Reporting Specification Grouper,20250829,rsg,14,11,d234f0b25418d80e
Transposition of the Great Arteries (TGA) Reporting Specification Grouper,20250829,rsg,14,11,d234f0b25418d80e
Transposition of the Great Arteries (TGA) Reporting Specification Grouper,20260327,rsg,14,11,d234f0b25418d80e
Transposition of the Great Arteries (TGA) Reporting Specification Grouper,20260731,rsg,12,12,cfb0244f5b34ab23
Trichinellosis Reporting Specification Grouper,20241008,rsg,691,45,00c23a8b57ce511b
Trichinellosis Reporting Specification Grouper,20250328,rsg,697,47,1e2dfa367c891f94
Trichinellosis Reporting Specification Grouper,20250829,rsg,703,47,740c272c86e9e8b2
Trichinellosis Reporting Specification Grouper,20250829,rsg,703,47,740c272c86e9e8b2
Trichinellosis Reporting Specification Grouper,20250829,rsg,703,47,740c272c86e9e8b2
Trichinellosis Reporting Specification Grouper,20260327,rsg,722,61,720ddbe15485e32c
Trichinellosis Reporting Specification Grouper,20260731,rsg,722,61,720ddbe15485e32c
Tricuspid Valve Atresia and Stenosis Reporting Specification Grouper,20241008,rsg,9,6,6e706a5f84a70f03
Tricuspid Valve Atresia and Stenosis Reporting Specification Grouper,20250328,rsg,9,6,6e706a5f84a70f03
Tricuspid Valve Atresia and Stenosis Reporting Specification Grouper,20250829,rsg,16,6,b5888a804de4cbaa
Tricuspid Valve Atresia and Stenosis Reporting Specification Grouper,20250829,rsg,16,6,b5888a804de4cbaa
Tricuspid Valve Atresia and Stenosis Reporting Specification Grouper,20250829,rsg,16,6,b5888a804de4cbaa
Tricuspid Valve Atresia and Stenosis Reporting Specification Grouper,20260327,rsg,16,6,b5888a804de4cbaa
Tricuspid Valve Atresia and Stenosis Reporting Specification Grouper,20260731,rsg,7,6,50374c458c5dd383
Trisomy 13 Reporting Specification Grouper,20250328,rsg,461,20,f87a3cc7d7cd21b2
Trisomy 13 Reporting Specification Grouper,20250829,rsg,602,27,951323e64152b311
Trisomy 13 Reporting Specification Grouper,20250829,rsg,602,27,951323e64152b311
Trisomy 13 Reporting Specification Grouper,20250829,rsg,602,27,951323e64152b311
Trisomy 13 Reporting Specification Grouper,20260327,rsg,602,27,951323e64152b311
Trisomy 13 Reporting Specification Grouper,20260731,rsg,600,27,a58a70e9e0ae163d
Trisomy 18 Reporting Specification Grouper,20250328,rsg,464,23,e7d98a3b52ee1498
Trisomy 18 Reporting Specification Grouper,20250829,rsg,598,23,1ffd157a6ace076b
Trisomy 18 Reporting Specification Grouper,20250829,rsg,598,23,1ffd157a6ace076b
Trisomy 18 Reporting Specification Grouper,20250829,rsg,598,23,1ffd157a6ace076b
Trisomy 18 Reporting Specification Grouper,20260327,rsg,598,23,1ffd157a6ace076b
Trisomy 18 Reporting Specification Grouper,20260731,rsg,596,23,35a6ba52a77ba5b9
Trivittatus virus disease Reporting Specification Grouper,20241008,rsg,426,11,7d0a051b66173f7c
Trivittatus virus disease Reporting Specification Grouper,20250328,rsg,445,11,7f761d26226fb5ca
Trivittatus virus disease Reporting Specification Grouper,20250829,rsg,445,11,7f761d26226fb5ca
Trivittatus virus disease Reporting Specification Grouper,20250829,rsg,445,11,7f761d26226fb5ca
Trivittatus virus disease Reporting Specification Grouper,20250829,rsg,445,11,7f761d26226fb5ca
Trivittatus virus disease Reporting Specification Grouper,20260327,rsg,448,11,a2966dec039f4807
Trivittatus virus disease Reporting Specification Grouper,20260731,rsg,448,11,a2966dec039f4807
Truncus Arteriosus (Common Truncus) Reporting Specification Grouper,20241008,rsg,17,13,4d4fca1c0ffe01ea
Truncus Arteriosus (Common Truncus) Reporting Specification Grouper,20250328,rsg,17,13,4d4fca1c0ffe01ea
Truncus Arteriosus (Common Truncus) Reporting Specification Grouper,20250829,rsg,17,13,4d4fca1c0ffe01ea
Truncus Arteriosus (Common Truncus) Reporting Specification Grouper,20250829,rsg,17,13,4d4fca1c0ffe01ea
Truncus Arteriosus (Common Truncus) Reporting Specification Grouper,20250829,rsg,17,13,4d4fca1c0ffe01ea
Truncus Arteriosus (Common Truncus) Reporting Specification Grouper,20260327,rsg,17,13,4d4fca1c0ffe01ea
Truncus Arteriosus (Common Truncus) Reporting Specification Grouper,20260731,rsg,13,13,91f02d5b014a8225
Tuberculosis Additional Context Clinical Lab Result Codes,7.0.0,acg,174,0,7d9a826aaa744ca2
Tuberculosis Additional Context Diagnosis Codes,2.0.0,acg,3,1,d1a0358c747bbb0b
Tuberculosis Additional Context Diagnosis Codes,3.0.0,acg,3,1,d1a0358c747bbb0b
Tuberculosis Additional Context Diagnosis Codes,4.0.0,acg,2,0,e3e2d04c9289d175
Tuberculosis Additional Context Diagnosis Codes,5.0.0,acg,2,0,e3e2d04c9289d175
Tuberculosis Additional Context Diagnosis Codes,6.0.0,acg,3,1,d1a0358c747bbb0b
Tuberculosis Additional Context Diagnosis Codes,7.0.0,acg,3030,2,6443e48d64311ea1
Tuberculosis Additional Context Medication Codes,2.0.0,acg,472,0,03660142cbe5339a
Tuberculosis Additional Context Medication Codes,3.0.0,acg,472,0,03660142cbe5339a
Tuberculosis Additional Context Medication Codes,4.0.0,acg,449,0,56a587b7a42c3229
Tuberculosis Additional Context Medication Codes,5.0.0,acg,449,0,56a587b7a42c3229
Tuberculosis Additional Context Medication Codes,6.0.0,acg,472,0,03660142cbe5339a
Tuberculosis Additional Context Medication Codes,7.0.0,acg,3253,0,22ebbaf621edf5c1
Tuberculosis Additional Context Symptom Codes,7.0.0,acg,148,3,fcaf12f3f7fe231d
Tuberculosis Reporting Specification Grouper,20241008,rsg,1808,513,eb8f260809009ea9
Tuberculosis Reporting Specification Grouper,20250328,rsg,1828,514,23aed35954536d54
Tuberculosis Reporting Specification Grouper,20250829,rsg,1855,549,4f32799bc1c66b17
Tuberculosis Reporting Specification Grouper,20250829,rsg,1855,549,4f32799bc1c66b17
Tuberculosis Reporting Specification Grouper,20250829,rsg,1855,549,4f32799bc1c66b17
Tuberculosis Reporting Specification Grouper,20260327,rsg,1861,549,0df5ef772741be11
Tuberculosis Reporting Specification Grouper,20260731,rsg,1689,593,466adb85144d39cf
"Tuberculosis, Latent Infection (LTBI) Reporting Specification Grouper",20241008,rsg,75,40,f6feba34c21964f9
"Tuberculosis, Latent Infection (LTBI) Reporting Specification Grouper",20250328,rsg,76,41,08288852054fdbf2
"Tuberculosis, Latent Infection (LTBI) Reporting Specification Grouper",20250829,rsg,76,41,08288852054fdbf2
"Tuberculosis, Latent Infection (LTBI) Reporting Specification Grouper",20250829,rsg,76,41,08288852054fdbf2
"Tuberculosis, Latent Infection (LTBI) Reporting Specification Grouper",20250829,rsg,76,41,08288852054fdbf2
"Tuberculosis, Latent Infection (LTBI) Reporting Specification Grouper",20260327,rsg,77,42,e0d691070cad43c3
"Tuberculosis, Latent Infection (LTBI) Reporting Specification Grouper",20260731,rsg,79,44,6e6c127e375e7476
Tularemia Reporting Specification Grouper,20241008,rsg,494,82,448004983abe1c3f
Tularemia Reporting Specification Grouper,20250328,rsg,513,82,3a401541704ac3ab
Tularemia Reporting Specification Grouper,20250829,rsg,513,82,3a401541704ac3ab
Tularemia Reporting Specification Grouper,20250829,rsg,513,82,3a401541704ac3ab
Tularemia Reporting Specification Grouper,20250829,rsg,513,82,3a401541704ac3ab
Tularemia Reporting Specification Grouper,20260327,rsg,518,83,3f3a0fee488b7721
Tularemia Reporting Specification Grouper,20260731,rsg,518,83,3f3a0fee488b7721
Typhus Fever Reporting Specification Grouper,20241008,rsg,825,58,7a496eff844ab32e
Typhus Fever Reporting Specification Grouper,20250328,rsg,844,58,01193f2900c14e02
Typhus Fever Reporting Specification Grouper,20250829,rsg,850,58,d609099d3f461139
Typhus Fever Reporting Specification Grouper,20250829,rsg,850,58,d609099d3f461139
Typhus Fever Reporting Specification Grouper,20250829,rsg,850,58,d609099d3f461139
Typhus Fever Reporting Specification Grouper,20260327,rsg,897,73,193568f45e8c26d2
Typhus Fever Reporting Specification Grouper,20260731,rsg,897,73,193568f45e8c26d2
Vaccine Adverse Event Reporting Specification Grouper,20241008,rsg,449,129,c3e27dbbedeb85bd
Vaccine Adverse Event Reporting Specification Grouper,20250328,rsg,464,144,dc85ceddd2b58ae7
Vaccine Adverse Event Reporting Specification Grouper,20250829,rsg,465,144,138652bc6636291f
Vaccine Adverse Event Reporting Specification Grouper,20250829,rsg,465,144,138652bc6636291f
Vaccine Adverse Event Reporting Specification Grouper,20250829,rsg,465,144,138652bc6636291f
Vaccine Adverse Event Reporting Specification Grouper,20260327,rsg,465,144,138652bc6636291f
Vaccine Adverse Event Reporting Specification Grouper,20260731,rsg,472,144,2c6a356f66445fc6
Vaccinia Disease or Adverse Event Reporting Specification Grouper,20241008,rsg,1014,29,f33514cc0ecc57f2
Vaccinia Disease or Adverse Event Reporting Specification Grouper,20250328,rsg,1033,29,6f3d4c1172b408c0
Vaccinia Disease or Adverse Event Reporting Specification Grouper,20250829,rsg,1039,29,d64421afd870d02e
Vaccinia Disease or Adverse Event Reporting Specification Grouper,20250829,rsg,1039,29,d64421afd870d02e
Vaccinia Disease or Adverse Event Reporting Specification Grouper,20250829,rsg,1039,29,d64421afd870d02e
Vaccinia Disease or Adverse Event Reporting Specification Grouper,20260327,rsg,1068,29,f51d49f2ff3b1aff
Vaccinia Disease or Adverse Event Reporting Specification Grouper,20260731,rsg,1068,29,f51d49f2ff3b1aff
Vancomycin-intermediate Staphylococcus aureus (VISA) Reporting Specification Grouper,20241008,rsg,460,55,028ec16db5b54f8a
Vancomycin-intermediate Staphylococcus aureus (VISA) Reporting Specification Grouper,20250328,rsg,486,62,2bbbbaee757f3984
Vancomycin-intermediate Staphylococcus aureus (VISA) Reporting Specification Grouper,20250829,rsg,486,62,2bbbbaee757f3984
Vancomycin-intermediate Staphylococcus aureus (VISA) Reporting Specification Grouper,20250829,rsg,486,62,2bbbbaee757f3984
Vancomycin-intermediate Staphylococcus aureus (VISA) Reporting Specification Grouper,20250829,rsg,486,62,2bbbbaee757f3984
Vancomycin-intermediate Staphylococcus aureus (VISA) Reporting Specification Grouper,20260327,rsg,489,63,5ba47d7b28f3242e
Vancomycin-intermediate Staphylococcus aureus (VISA) Reporting Specification Grouper,20260731,rsg,489,63,5ba47d7b28f3242e
Vancomycin-resistant Enterococci (VRE) Infection Reporting Specification Grouper,20241008,rsg,500,95,e21ec326d22f4d16
Vancomycin-resistant Enterococci (VRE) Infection Reporting Specification Grouper,20250328,rsg,527,98,a391c55a4c2d927a
Vancomycin-resistant Enterococci (VRE) Infection Reporting Specification Grouper,20250829,rsg,527,98,a391c55a4c2d927a
Vancomycin-resistant Enterococci (VRE) Infection Reporting Specification Grouper,20250829,rsg,527,98,a391c55a4c2d927a
Vancomycin-resistant Enterococci (VRE) Infection Reporting Specification Grouper,20250829,rsg,527,98,a391c55a4c2d927a
Vancomycin-resistant Enterococci (VRE) Infection Reporting Specification Grouper,20260327,rsg,534,103,7b73a56baf2cf85d
Vancomycin-resistant Enterococci (VRE) Infection Reporting Specification Grouper,20260731,rsg,534,103,7b73a56baf2cf85d
Vancomycin-resistant Staphylococcus aureus (VRSA) Reporting Specification Grouper,20241008,rsg,465,56,6a27c051a1723f7f
Vancomycin-resistant Staphylococcus aureus (VRSA) Reporting Specification Grouper,20250328,rsg,496,63,e423d3113fb7d838
Vancomycin-resistant Staphylococcus aureus (VRSA) Reporting Specification Grouper,20250829,rsg,496,63,e423d3113fb7d838
Vancomycin-resistant Staphylococcus aureus (VRSA) Reporting Specification Grouper,20250829,rsg,496,63,e423d3113fb7d838
Vancomycin-resistant Staphylococcus aureus (VRSA) Reporting Specification Grouper,20250829,rsg,496,63,e423d3113fb7d838
Vancomycin-resistant Staphylococcus aureus (VRSA) Reporting Specification Grouper,20260327,rsg,499,64,c78a8d7c217e8ab2
Vancomycin-resistant Staphylococcus aureus (VRSA) Reporting Specification Grouper,20260731,rsg,499,64,c78a8d7c217e8ab2
Varicella Additional Context Clinical Lab Result Codes,6.0.0,acg,141,17,c24e3941bafd13b5
Varicella Additional Context Clinical Lab Result Codes,7.0.0,acg,141,17,c24e3941bafd13b5
Varicella Additional Context Diagnosis Codes,6.0.0,acg,1920,0,82db17836e085850
Varicella Additional Context Diagnosis Codes,7.0.0,acg,1920,0,82db17836e085850
Varicella Additional Context Immunization Codes,2.0.0,acg,28,0,dd34cf4d3bb61e07
Varicella Additional Context Immunization Codes,3.0.0,acg,28,0,dd34cf4d3bb61e07
Varicella Additional Context Immunization Codes,4.0.0,acg,28,0,dd34cf4d3bb61e07
Varicella Additional Context Immunization Codes,5.0.0,acg,28,0,dd34cf4d3bb61e07
Varicella Additional Context Immunization Codes,6.0.0,acg,28,0,dd34cf4d3bb61e07
Varicella Additional Context Immunization Codes,7.0.0,acg,28,0,dd34cf4d3bb61e07
Varicella Additional Context Medication Codes,2.0.0,acg,139,0,8dee6d1ca870d036
Varicella Additional Context Medication Codes,3.0.0,acg,139,0,8dee6d1ca870d036
Varicella Additional Context Medication Codes,4.0.0,acg,137,0,40637f4c311b5b35
Varicella Additional Context Medication Codes,5.0.0,acg,137,0,40637f4c311b5b35
Varicella Additional Context Medication Codes,6.0.0,acg,7085,0,c589bcc143fb4b2c
Varicella Additional Context Medication Codes,7.0.0,acg,7085,0,c589bcc143fb4b2c
Varicella Additional Context Symptom Codes,2.0.0,acg,3,0,34e1ccd143e86d8f
Varicella Additional Context Symptom Codes,3.0.0,acg,3,0,34e1ccd143e86d8f
Varicella Additional Context Symptom Codes,4.0.0,acg,3,0,34e1ccd143e86d8f
Varicella Additional Context Symptom Codes,5.0.0,acg,3,0,34e1ccd143e86d8f
Varicella Additional Context Symptom Codes,6.0.0,acg,3244,2,5b38450cd5745043
Varicella Additional Context Symptom Codes,7.0.0,acg,3266,3,3f9c1c1a5beced70
Varicella Reporting Specification Grouper,20241008,rsg,769,113,06e027fd93d9b735
Varicella Reporting Specification Grouper,20250328,rsg,788,114,d828e5920a4a25aa
Varicella Reporting Specification Grouper,20250829,rsg,789,114,c34cde21573f5a55
Varicella Reporting Specification Grouper,20250829,rsg,789,114,c34cde21573f5a55
Varicella Reporting Specification Grouper,20250829,rsg,789,114,c34cde21573f5a55
Varicella Reporting Specification Grouper,20260327,rsg,830,123,fac2baf8d2e0085c
Varicella Reporting Specification Grouper,20260731,rsg,830,123,fac2baf8d2e0085c
Ventilator-associated Event (VAE) Reporting Specification Grouper,20241008,rsg,10,10,a31fe7bdfdee4891
Ventilator-associated Event (VAE) Reporting Specification Grouper,20250328,rsg,10,10,a31fe7bdfdee4891
Ventilator-associated Event (VAE) Reporting Specification Grouper,20250829,rsg,11,11,2d70c09e2bc54df5
Ventilator-associated Event (VAE) Reporting Specification Grouper,20250829,rsg,11,11,2d70c09e2bc54df5
Ventilator-associated Event (VAE) Reporting Specification Grouper,20250829,rsg,11,11,2d70c09e2bc54df5
Ventilator-associated Event (VAE) Reporting Specification Grouper,20260327,rsg,11,11,2d70c09e2bc54df5
Ventilator-associated Event (VAE) Reporting Specification Grouper,20260731,rsg,11,11,2d70c09e2bc54df5
Ventricular septal defect Reporting Specification Grouper,20250328,rsg,76,18,c43a0390b0c9133f
Ventricular septal defect Reporting Specification Grouper,20250829,rsg,76,18,c43a0390b0c9133f
Ventricular septal defect Reporting Specification Grouper,20250829,rsg,76,18,c43a0390b0c9133f
Ventricular septal defect Reporting Specification Grouper,20250829,rsg,76,18,c43a0390b0c9133f
Ventricular septal defect Reporting Specification Grouper,20260327,rsg,76,18,c43a0390b0c9133f
Ventricular septal defect Reporting Specification Grouper,20260731,rsg,22,22,9081fd02caa02947
Vesicular Stomatitis Reporting Specification Grouper,20241008,rsg,463,51,36e3df319bcc883d
Vesicular Stomatitis Reporting Specification Grouper,20250328,rsg,482,51,5ee93b264b0590f8
Vesicular Stomatitis Reporting Specification Grouper,20250829,rsg,482,51,5ee93b264b0590f8
Vesicular Stomatitis Reporting Specification Grouper,20250829,rsg,482,51,5ee93b264b0590f8
Vesicular Stomatitis Reporting Specification Grouper,20250829,rsg,482,51,5ee93b264b0590f8
Vesicular Stomatitis Reporting Specification Grouper,20260327,rsg,485,51,815451869b513ae4
Vesicular Stomatitis Reporting Specification Grouper,20260731,rsg,485,51,815451869b513ae4
Vibriosis Additional Context Symptom Codes,2.0.0,acg,45,0,2c8732883ce25269
Vibriosis Additional Context Symptom Codes,3.0.0,acg,45,0,2c8732883ce25269
Vibriosis Additional Context Symptom Codes,4.0.0,acg,44,0,c841aea9bba0b597
Vibriosis Additional Context Symptom Codes,5.0.0,acg,44,0,c841aea9bba0b597
Vibriosis Additional Context Symptom Codes,6.0.0,acg,45,0,2c8732883ce25269
Vibriosis Additional Context Symptom Codes,7.0.0,acg,45,0,2c8732883ce25269
Vibriosis Reporting Specification Grouper,20241008,rsg,1460,149,4d4f5e0f563bb7e2
Vibriosis Reporting Specification Grouper,20250328,rsg,1534,152,04a7856b7ab4a86f
Vibriosis Reporting Specification Grouper,20250829,rsg,1538,152,3625cfefb2de19e6
Vibriosis Reporting Specification Grouper,20250829,rsg,1538,152,3625cfefb2de19e6
Vibriosis Reporting Specification Grouper,20250829,rsg,1538,152,3625cfefb2de19e6
Vibriosis Reporting Specification Grouper,20260327,rsg,1576,154,e450ccd2580fed84
Vibriosis Reporting Specification Grouper,20260731,rsg,1577,154,562c3967da8163a3
Viral Hemorrhagic Fever (VHF) Reporting Specification Grouper,20241008,rsg,1087,109,d5ffd681ea15568f
Viral Hemorrhagic Fever (VHF) Reporting Specification Grouper,20250328,rsg,1116,118,125de686a8790f90
Viral Hemorrhagic Fever (VHF) Reporting Specification Grouper,20250829,rsg,2236,145,0c295b1f39614cd2
Viral Hemorrhagic Fever (VHF) Reporting Specification Grouper,20250829,rsg,2236,145,0c295b1f39614cd2
Viral Hemorrhagic Fever (VHF) Reporting Specification Grouper,20250829,rsg,2236,145,0c295b1f39614cd2
Viral Hemorrhagic Fever (VHF) Reporting Specification Grouper,20260327,rsg,2255,145,877427ac4a702141
Viral Hemorrhagic Fever (VHF) Reporting Specification Grouper,20260731,rsg,2260,150,89caa77e6b7598c6
West Nile Virus Infection Reporting Specification Grouper,20241008,rsg,500,85,d74262cae1e21651
West Nile Virus Infection Reporting Specification Grouper,20250328,rsg,519,85,4446dd97a8fb18a3
West Nile Virus Infection Reporting Specification Grouper,20250829,rsg,519,85,4446dd97a8fb18a3
West Nile Virus Infection Reporting Specification Grouper,20250829,rsg,519,85,4446dd97a8fb18a3
West Nile Virus Infection Reporting Specification Grouper,20250829,rsg,519,85,4446dd97a8fb18a3
West Nile Virus Infection Reporting Specification Grouper,20260327,rsg,522,85,c9c8a919152be453
West Nile Virus Infection Reporting Specification Grouper,20260731,rsg,526,89,69a20aee7aa03dea
Western equine encephalitis virus disease Reporting Specification Grouper,20241008,rsg,477,62,4106f0c46bce1049
Western equine encephalitis virus disease Reporting Specification Grouper,20250328,rsg,496,62,771090a67132d789
Western equine encephalitis virus disease Reporting Specification Grouper,20250829,rsg,496,62,771090a67132d789
Western equine encephalitis virus disease Reporting Specification Grouper,20250829,rsg,496,62,771090a67132d789
Western equine encephalitis virus disease Reporting Specification Grouper,20250829,rsg,496,62,771090a67132d789
Western equine encephalitis virus disease Reporting Specification Grouper,20260327,rsg,499,62,4a2b9d44a1e2937f
Western equine encephalitis virus disease Reporting Specification Grouper,20260731,rsg,499,62,4a2b9d44a1e2937f
Work-related Asthma (WRA) Reporting Specification Grouper,20241008,rsg,252,32,c0d4eb3e331e211c
Work-related Asthma (WRA) Reporting Specification Grouper,20250328,rsg,252,32,c0d4eb3e331e211c
Work-related Asthma (WRA) Reporting Specification Grouper,20250829,rsg,252,32,c0d4eb3e331e211c
Work-related Asthma (WRA) Reporting Specification Grouper,20250829,rsg,252,32,c0d4eb3e331e211c
Work-related Asthma (WRA) Reporting Specification Grouper,20250829,rsg,252,32,c0d4eb3e331e211c
Work-related Asthma (WRA) Reporting Specification Grouper,20260327,rsg,252,32,c0d4eb3e331e211c
Work-related Asthma (WRA) Reporting Specification Grouper,20260731,rsg,252,32,c0d4eb3e331e211c
X-linked Adrenoleukodystrophy Reporting Specification Grouper,20250829,rsg,109,13,e0d39e58511ff22c
X-linked Adrenoleukodystrophy Reporting Specification Grouper,20250829,rsg,109,13,e0d39e58511ff22c
X-linked Adrenoleukodystrophy Reporting Specification Grouper,20250829,rsg,109,13,e0d39e58511ff22c
X-linked Adrenoleukodystrophy Reporting Specification Grouper,20260327,rsg,74,13,1489a2e9ed4fd62d
X-linked Adrenoleukodystrophy Reporting Specification Grouper,20260731,rsg,74,13,1489a2e9ed4fd62d
Yellow Fever Reporting Specification Grouper,20241008,rsg,557,43,041441b88297a87d
Yellow Fever Reporting Specification Grouper,20250328,rsg,578,43,11b48516d950b9b4
Yellow Fever Reporting Specification Grouper,20250829,rsg,579,43,61d1b3239543ad72
Yellow Fever Reporting Specification Grouper,20250829,rsg,579,43,61d1b3239543ad72
Yellow Fever Reporting Specification Grouper,20250829,rsg,579,43,61d1b3239543ad72
Yellow Fever Reporting Specification Grouper,20260327,rsg,582,43,440132826d9657f2
Yellow Fever Reporting Specification Grouper,20260731,rsg,581,43,6e7b6b9b8c15c3b8
Yellow fever Additional Context Clinical Lab Result Codes,2.0.0,acg,1,0,25c4fcf2727ba199
Yellow fever Additional Context Clinical Lab Result Codes,3.0.0,acg,1,0,25c4fcf2727ba199
Yellow fever Additional Context Clinical Lab Result Codes,4.0.0,acg,1,0,25c4fcf2727ba199
Yellow fever Additional Context Clinical Lab Result Codes,5.0.0,acg,1,0,25c4fcf2727ba199
Yellow fever Additional Context Clinical Lab Result Codes,6.0.0,acg,1,0,25c4fcf2727ba199
Yellow fever Additional Context Clinical Lab Result Codes,7.0.0,acg,1,0,25c4fcf2727ba199
Yellow fever Additional Context Immunization Codes,2.0.0,acg,21,0,857e6713b1fe42ce
Yellow fever Additional Context Immunization Codes,3.0.0,acg,21,0,857e6713b1fe42ce
Yellow fever Additional Context Immunization Codes,4.0.0,acg,21,0,857e6713b1fe42ce
Yellow fever Additional Context Immunization Codes,5.0.0,acg,21,0,857e6713b1fe42ce
Yellow fever Additional Context Immunization Codes,6.0.0,acg,21,0,857e6713b1fe42ce
Yellow fever Additional Context Immunization Codes,7.0.0,acg,21,0,857e6713b1fe42ce
Zika Virus Disease Additional Context Clinical Lab Result Codes,7.0.0,acg,431,1,013d32878ee0536d
Zika Virus Disease Additional Context Diagnosis Codes,7.0.0,acg,815,0,83778b81d3e5e5b3
Zika Virus Disease Additional Context Symptom Codes,2.0.0,acg,3,0,668ed423c2626791
Zika Virus Disease Additional Context Symptom Codes,3.0.0,acg,3,0,668ed423c2626791
Zika Virus Disease Additional Context Symptom Codes,4.0.0,acg,3,0,668ed423c2626791
Zika Virus Disease Additional Context Symptom Codes,5.0.0,acg,3,0,668ed423c2626791
Zika Virus Disease Additional Context Symptom Codes,6.0.0,acg,3,0,668ed423c2626791
Zika Virus Disease Additional Context Symptom Codes,7.0.0,acg,8198,0,1bb07e645fc22b69
Zika Virus Disease Reporting Specification Grouper,20241008,rsg,1514,29,a2c66a587b7c71ab
Zika Virus Disease Reporting Specification Grouper,20250328,rsg,1533,29,30c992932bb42e13
Zika Virus Disease Reporting Specification Grouper,20250829,rsg,1671,33,d189ec28112a0de7
Zika Virus Disease Reporting Specification Grouper,20250829,rsg,1671,33,d189ec28112a0de7
Zika Virus Disease Reporting Specification Grouper,20250829,rsg,1671,33,d189ec28112a0de7
Zika Virus Disease Reporting Specification Grouper,20260327,rsg,1703,33,b44ceaccafaf9b20
Zika Virus Disease Reporting Specification Grouper,20260731,rsg,1704,34,5aef71f9fed9d1b8
